date;location;new_cases;new_deaths;total_cases;total_deaths;population
25/02/2020;Afghanistan;;;1;;37172386
26/02/2020;Afghanistan;0;;1;;37172386
27/02/2020;Afghanistan;0;;1;;37172386
28/02/2020;Afghanistan;0;;1;;37172386
29/02/2020;Afghanistan;0;;1;;37172386
01/03/2020;Afghanistan;0;;1;;37172386
02/03/2020;Afghanistan;0;;1;;37172386
03/03/2020;Afghanistan;0;;1;;37172386
04/03/2020;Afghanistan;0;;1;;37172386
05/03/2020;Afghanistan;0;;1;;37172386
06/03/2020;Afghanistan;0;;1;;37172386
07/03/2020;Afghanistan;0;;1;;37172386
08/03/2020;Afghanistan;3;;4;;37172386
09/03/2020;Afghanistan;0;;4;;37172386
10/03/2020;Afghanistan;0;;4;;37172386
11/03/2020;Afghanistan;0;;4;;37172386
12/03/2020;Afghanistan;3;;7;;37172386
13/03/2020;Afghanistan;0;;7;;37172386
14/03/2020;Afghanistan;0;;7;;37172386
09/03/2020;Albania;;;2;;2866376
10/03/2020;Albania;0;;2;;2866376
11/03/2020;Albania;8;;10;;2866376
12/03/2020;Albania;0;;10;;2866376
13/03/2020;Albania;13;;23;;2866376
14/03/2020;Albania;10;;33;1;2866376
26/02/2020;Algeria;;;1;;42228429
27/02/2020;Algeria;0;;1;;42228429
28/02/2020;Algeria;0;;1;;42228429
29/02/2020;Algeria;0;;1;;42228429
01/03/2020;Algeria;0;;1;;42228429
02/03/2020;Algeria;0;;1;;42228429
03/03/2020;Algeria;4;;5;;42228429
04/03/2020;Algeria;0;;5;;42228429
05/03/2020;Algeria;7;;12;;42228429
06/03/2020;Algeria;0;;12;;42228429
07/03/2020;Algeria;5;;17;;42228429
08/03/2020;Algeria;0;;17;;42228429
09/03/2020;Algeria;3;;20;;42228429
10/03/2020;Algeria;0;;20;;42228429
11/03/2020;Algeria;0;;20;;42228429
12/03/2020;Algeria;5;;25;1;42228429
13/03/2020;Algeria;0;0;25;1;42228429
14/03/2020;Algeria;1;1;26;2;42228429
03/03/2020;Andorra;;;1;;77006
04/03/2020;Andorra;0;;1;;77006
05/03/2020;Andorra;0;;1;;77006
06/03/2020;Andorra;0;;1;;77006
07/03/2020;Andorra;0;;1;;77006
08/03/2020;Andorra;0;;1;;77006
09/03/2020;Andorra;0;;1;;77006
10/03/2020;Andorra;0;;1;;77006
11/03/2020;Andorra;0;;1;;77006
12/03/2020;Andorra;0;;1;;77006
13/03/2020;Andorra;0;;1;;77006
14/03/2020;Andorra;1;;2;;77006
14/03/2020;Antigua and Barbuda;;;1;;96286
04/03/2020;Argentina;;;1;;44494502
05/03/2020;Argentina;0;;1;;44494502
06/03/2020;Argentina;0;;1;;44494502
07/03/2020;Argentina;1;;2;;44494502
08/03/2020;Argentina;7;;9;1;44494502
09/03/2020;Argentina;3;0;12;1;44494502
10/03/2020;Argentina;0;0;12;1;44494502
11/03/2020;Argentina;5;0;17;1;44494502
12/03/2020;Argentina;2;0;19;1;44494502
13/03/2020;Argentina;12;0;31;1;44494502
14/03/2020;Argentina;3;1;34;2;44494502
02/03/2020;Armenia;;;1;;2951776
03/03/2020;Armenia;0;;1;;2951776
04/03/2020;Armenia;0;;1;;2951776
05/03/2020;Armenia;0;;1;;2951776
06/03/2020;Armenia;0;;1;;2951776
07/03/2020;Armenia;0;;1;;2951776
08/03/2020;Armenia;0;;1;;2951776
09/03/2020;Armenia;0;;1;;2951776
10/03/2020;Armenia;0;;1;;2951776
11/03/2020;Armenia;0;;1;;2951776
12/03/2020;Armenia;0;;1;;2951776
13/03/2020;Armenia;0;;1;;2951776
14/03/2020;Armenia;7;;8;;2951776
25/01/2020;Australia;;;3;;24992369
26/01/2020;Australia;1;;4;;24992369
27/01/2020;Australia;0;;4;;24992369
28/01/2020;Australia;1;;5;;24992369
29/01/2020;Australia;2;;7;;24992369
30/01/2020;Australia;0;;7;;24992369
31/01/2020;Australia;2;;9;;24992369
01/02/2020;Australia;3;;12;;24992369
02/02/2020;Australia;0;;12;;24992369
03/02/2020;Australia;0;;12;;24992369
04/02/2020;Australia;0;;12;;24992369
05/02/2020;Australia;1;;13;;24992369
06/02/2020;Australia;1;;14;;24992369
07/02/2020;Australia;1;;15;;24992369
08/02/2020;Australia;0;;15;;24992369
09/02/2020;Australia;0;;15;;24992369
10/02/2020;Australia;0;;15;;24992369
11/02/2020;Australia;0;;15;;24992369
12/02/2020;Australia;0;;15;;24992369
13/02/2020;Australia;0;;15;;24992369
14/02/2020;Australia;0;;15;;24992369
15/02/2020;Australia;0;;15;;24992369
16/02/2020;Australia;0;;15;;24992369
17/02/2020;Australia;0;;15;;24992369
18/02/2020;Australia;0;;15;;24992369
19/02/2020;Australia;0;;15;;24992369
20/02/2020;Australia;0;;15;;24992369
21/02/2020;Australia;2;;17;;24992369
22/02/2020;Australia;4;;21;;24992369
23/02/2020;Australia;1;;22;;24992369
24/02/2020;Australia;0;;22;;24992369
25/02/2020;Australia;0;;22;;24992369
26/02/2020;Australia;1;;23;;24992369
27/02/2020;Australia;0;;23;;24992369
28/02/2020;Australia;0;;23;;24992369
29/02/2020;Australia;1;;24;;24992369
01/03/2020;Australia;1;;25;;24992369
02/03/2020;Australia;2;;27;1;24992369
03/03/2020;Australia;6;0;33;1;24992369
04/03/2020;Australia;10;0;43;1;24992369
05/03/2020;Australia;14;0;57;1;24992369
06/03/2020;Australia;0;1;57;2;24992369
07/03/2020;Australia;5;0;62;2;24992369
08/03/2020;Australia;12;1;74;3;24992369
09/03/2020;Australia;3;0;77;3;24992369
10/03/2020;Australia;15;0;92;3;24992369
11/03/2020;Australia;20;0;112;3;24992369
12/03/2020;Australia;10;0;122;3;24992369
13/03/2020;Australia;18;0;140;3;24992369
14/03/2020;Australia;57;0;197;3;24992369
26/02/2020;Austria;;;2;;8847037
27/02/2020;Austria;0;;2;;8847037
28/02/2020;Austria;2;;4;;8847037
29/02/2020;Austria;1;;5;;8847037
01/03/2020;Austria;5;;10;;8847037
02/03/2020;Austria;0;;10;;8847037
03/03/2020;Austria;8;;18;;8847037
04/03/2020;Austria;6;;24;;8847037
05/03/2020;Austria;13;;37;;8847037
06/03/2020;Austria;10;;47;;8847037
07/03/2020;Austria;19;;66;;8847037
08/03/2020;Austria;38;;104;;8847037
09/03/2020;Austria;8;;112;;8847037
10/03/2020;Austria;19;;131;;8847037
11/03/2020;Austria;51;;182;;8847037
12/03/2020;Austria;120;;302;;8847037
13/03/2020;Austria;59;;361;1;8847037
14/03/2020;Austria;143;0;504;1;8847037
01/03/2020;Azerbaijan;;;3;;9942334
02/03/2020;Azerbaijan;0;;3;;9942334
03/03/2020;Azerbaijan;0;;3;;9942334
04/03/2020;Azerbaijan;0;;3;;9942334
05/03/2020;Azerbaijan;0;;3;;9942334
06/03/2020;Azerbaijan;0;;3;;9942334
07/03/2020;Azerbaijan;6;;9;;9942334
08/03/2020;Azerbaijan;0;;9;;9942334
09/03/2020;Azerbaijan;0;;9;;9942334
10/03/2020;Azerbaijan;0;;9;;9942334
11/03/2020;Azerbaijan;0;;9;;9942334
12/03/2020;Azerbaijan;0;;9;;9942334
13/03/2020;Azerbaijan;2;;11;;9942334
14/03/2020;Azerbaijan;0;;11;;9942334
25/02/2020;Bahrain;;;8;;1569439
26/02/2020;Bahrain;18;;26;;1569439
27/02/2020;Bahrain;7;;33;;1569439
28/02/2020;Bahrain;0;;33;;1569439
29/02/2020;Bahrain;5;;38;;1569439
01/03/2020;Bahrain;2;;40;;1569439
02/03/2020;Bahrain;7;;47;;1569439
03/03/2020;Bahrain;2;;49;;1569439
04/03/2020;Bahrain;0;;49;;1569439
05/03/2020;Bahrain;0;;49;;1569439
06/03/2020;Bahrain;0;;49;;1569439
07/03/2020;Bahrain;0;;49;;1569439
08/03/2020;Bahrain;7;;56;;1569439
09/03/2020;Bahrain;23;;79;;1569439
10/03/2020;Bahrain;30;;109;;1569439
11/03/2020;Bahrain;1;;110;;1569439
12/03/2020;Bahrain;79;;189;;1569439
13/03/2020;Bahrain;6;;195;;1569439
14/03/2020;Bahrain;15;;210;;1569439
09/03/2020;Bangladesh;;;3;;161356039
10/03/2020;Bangladesh;0;;3;;161356039
11/03/2020;Bangladesh;0;;3;;161356039
12/03/2020;Bangladesh;0;;3;;161356039
13/03/2020;Bangladesh;0;;3;;161356039
14/03/2020;Bangladesh;0;;3;;161356039
28/02/2020;Belarus;;;1;;9485386
29/02/2020;Belarus;0;;1;;9485386
01/03/2020;Belarus;0;;1;;9485386
02/03/2020;Belarus;0;;1;;9485386
03/03/2020;Belarus;0;;1;;9485386
04/03/2020;Belarus;0;;1;;9485386
05/03/2020;Belarus;5;;6;;9485386
06/03/2020;Belarus;0;;6;;9485386
07/03/2020;Belarus;0;;6;;9485386
08/03/2020;Belarus;0;;6;;9485386
09/03/2020;Belarus;0;;6;;9485386
10/03/2020;Belarus;0;;6;;9485386
11/03/2020;Belarus;3;;9;;9485386
12/03/2020;Belarus;3;;12;;9485386
13/03/2020;Belarus;0;;12;;9485386
14/03/2020;Belarus;9;;21;;9485386
05/02/2020;Belgium;;;1;;11422068
06/02/2020;Belgium;0;;1;;11422068
07/02/2020;Belgium;0;;1;;11422068
08/02/2020;Belgium;0;;1;;11422068
09/02/2020;Belgium;0;;1;;11422068
10/02/2020;Belgium;0;;1;;11422068
11/02/2020;Belgium;0;;1;;11422068
12/02/2020;Belgium;0;;1;;11422068
13/02/2020;Belgium;0;;1;;11422068
14/02/2020;Belgium;0;;1;;11422068
15/02/2020;Belgium;0;;1;;11422068
16/02/2020;Belgium;0;;1;;11422068
17/02/2020;Belgium;0;;1;;11422068
18/02/2020;Belgium;0;;1;;11422068
19/02/2020;Belgium;0;;1;;11422068
20/02/2020;Belgium;0;;1;;11422068
21/02/2020;Belgium;0;;1;;11422068
22/02/2020;Belgium;0;;1;;11422068
23/02/2020;Belgium;0;;1;;11422068
24/02/2020;Belgium;0;;1;;11422068
25/02/2020;Belgium;0;;1;;11422068
26/02/2020;Belgium;0;;1;;11422068
27/02/2020;Belgium;0;;1;;11422068
28/02/2020;Belgium;0;;1;;11422068
29/02/2020;Belgium;0;;1;;11422068
01/03/2020;Belgium;0;;1;;11422068
02/03/2020;Belgium;0;;1;;11422068
03/03/2020;Belgium;7;;8;;11422068
04/03/2020;Belgium;0;;8;;11422068
05/03/2020;Belgium;15;;23;;11422068
06/03/2020;Belgium;27;;50;;11422068
07/03/2020;Belgium;59;;109;;11422068
08/03/2020;Belgium;60;;169;;11422068
09/03/2020;Belgium;31;;200;;11422068
10/03/2020;Belgium;39;;239;;11422068
11/03/2020;Belgium;28;;267;;11422068
12/03/2020;Belgium;47;;314;;11422068
13/03/2020;Belgium;0;;314;;11422068
14/03/2020;Belgium;285;;599;;11422068
06/03/2020;Bhutan;;;1;;754394
07/03/2020;Bhutan;0;;1;;754394
08/03/2020;Bhutan;0;;1;;754394
09/03/2020;Bhutan;0;;1;;754394
10/03/2020;Bhutan;0;;1;;754394
11/03/2020;Bhutan;0;;1;;754394
12/03/2020;Bhutan;0;;1;;754394
13/03/2020;Bhutan;0;;1;;754394
14/03/2020;Bhutan;0;;1;;754394
11/03/2020;Bolivia;;;2;;11353142
12/03/2020;Bolivia;0;;2;;11353142
13/03/2020;Bolivia;1;;3;;11353142
14/03/2020;Bolivia;0;;3;;11353142
05/03/2020;Bosnia and Herzegovina;;;2;;3323929
06/03/2020;Bosnia and Herzegovina;0;;2;;3323929
07/03/2020;Bosnia and Herzegovina;0;;2;;3323929
08/03/2020;Bosnia and Herzegovina;0;;2;;3323929
09/03/2020;Bosnia and Herzegovina;0;;2;;3323929
10/03/2020;Bosnia and Herzegovina;0;;2;;3323929
11/03/2020;Bosnia and Herzegovina;2;;4;;3323929
12/03/2020;Bosnia and Herzegovina;0;;4;;3323929
13/03/2020;Bosnia and Herzegovina;0;;4;;3323929
14/03/2020;Bosnia and Herzegovina;7;;11;;3323929
27/02/2020;Brazil;;;1;;209469333
28/02/2020;Brazil;0;;1;;209469333
29/02/2020;Brazil;0;;1;;209469333
01/03/2020;Brazil;1;;2;;209469333
02/03/2020;Brazil;0;;2;;209469333
03/03/2020;Brazil;0;;2;;209469333
04/03/2020;Brazil;0;;2;;209469333
05/03/2020;Brazil;1;;3;;209469333
06/03/2020;Brazil;4;;7;;209469333
07/03/2020;Brazil;6;;13;;209469333
08/03/2020;Brazil;6;;19;;209469333
09/03/2020;Brazil;6;;25;;209469333
10/03/2020;Brazil;0;;25;;209469333
11/03/2020;Brazil;9;;34;;209469333
12/03/2020;Brazil;18;;52;;209469333
13/03/2020;Brazil;25;;77;;209469333
14/03/2020;Brazil;21;;98;;209469333
10/03/2020;Brunei;;;1;;428962
11/03/2020;Brunei;0;;1;;428962
12/03/2020;Brunei;11;;12;;428962
13/03/2020;Brunei;0;;12;;428962
14/03/2020;Brunei;13;;25;;428962
08/03/2020;Bulgaria;;;2;;7024216
09/03/2020;Bulgaria;2;;4;;7024216
10/03/2020;Bulgaria;0;;4;;7024216
11/03/2020;Bulgaria;2;;6;;7024216
12/03/2020;Bulgaria;1;;7;1;7024216
13/03/2020;Bulgaria;0;0;7;1;7024216
14/03/2020;Bulgaria;0;0;7;1;7024216
11/03/2020;Burkina Faso;;;2;;19751535
12/03/2020;Burkina Faso;0;;2;;19751535
13/03/2020;Burkina Faso;0;;2;;19751535
14/03/2020;Burkina Faso;0;;2;;19751535
28/01/2020;Cambodia;;;1;;16249798
29/01/2020;Cambodia;0;;1;;16249798
30/01/2020;Cambodia;0;;1;;16249798
31/01/2020;Cambodia;0;;1;;16249798
01/02/2020;Cambodia;0;;1;;16249798
02/02/2020;Cambodia;0;;1;;16249798
03/02/2020;Cambodia;0;;1;;16249798
04/02/2020;Cambodia;0;;1;;16249798
05/02/2020;Cambodia;0;;1;;16249798
06/02/2020;Cambodia;0;;1;;16249798
07/02/2020;Cambodia;0;;1;;16249798
08/02/2020;Cambodia;0;;1;;16249798
09/02/2020;Cambodia;0;;1;;16249798
10/02/2020;Cambodia;0;;1;;16249798
11/02/2020;Cambodia;0;;1;;16249798
12/02/2020;Cambodia;0;;1;;16249798
13/02/2020;Cambodia;0;;1;;16249798
14/02/2020;Cambodia;0;;1;;16249798
15/02/2020;Cambodia;0;;1;;16249798
16/02/2020;Cambodia;0;;1;;16249798
17/02/2020;Cambodia;0;;1;;16249798
18/02/2020;Cambodia;0;;1;;16249798
19/02/2020;Cambodia;0;;1;;16249798
20/02/2020;Cambodia;0;;1;;16249798
21/02/2020;Cambodia;0;;1;;16249798
22/02/2020;Cambodia;0;;1;;16249798
23/02/2020;Cambodia;0;;1;;16249798
24/02/2020;Cambodia;0;;1;;16249798
25/02/2020;Cambodia;0;;1;;16249798
26/02/2020;Cambodia;0;;1;;16249798
27/02/2020;Cambodia;0;;1;;16249798
28/02/2020;Cambodia;0;;1;;16249798
29/02/2020;Cambodia;0;;1;;16249798
01/03/2020;Cambodia;0;;1;;16249798
02/03/2020;Cambodia;0;;1;;16249798
03/03/2020;Cambodia;0;;1;;16249798
04/03/2020;Cambodia;0;;1;;16249798
05/03/2020;Cambodia;0;;1;;16249798
06/03/2020;Cambodia;0;;1;;16249798
07/03/2020;Cambodia;0;;1;;16249798
08/03/2020;Cambodia;1;;2;;16249798
09/03/2020;Cambodia;0;;2;;16249798
10/03/2020;Cambodia;0;;2;;16249798
11/03/2020;Cambodia;1;;3;;16249798
12/03/2020;Cambodia;0;;3;;16249798
13/03/2020;Cambodia;2;;5;;16249798
14/03/2020;Cambodia;2;;7;;16249798
06/03/2020;Cameroon;;;1;;25216237
07/03/2020;Cameroon;1;;2;;25216237
08/03/2020;Cameroon;0;;2;;25216237
09/03/2020;Cameroon;0;;2;;25216237
10/03/2020;Cameroon;0;;2;;25216237
11/03/2020;Cameroon;0;;2;;25216237
12/03/2020;Cameroon;0;;2;;25216237
13/03/2020;Cameroon;0;;2;;25216237
14/03/2020;Cameroon;0;;2;;25216237
27/01/2020;Canada;;;1;;37058856
28/01/2020;Canada;1;;2;;37058856
29/01/2020;Canada;1;;3;;37058856
30/01/2020;Canada;0;;3;;37058856
31/01/2020;Canada;0;;3;;37058856
01/02/2020;Canada;1;;4;;37058856
02/02/2020;Canada;0;;4;;37058856
03/02/2020;Canada;0;;4;;37058856
04/02/2020;Canada;0;;4;;37058856
05/02/2020;Canada;1;;5;;37058856
06/02/2020;Canada;0;;5;;37058856
07/02/2020;Canada;2;;7;;37058856
08/02/2020;Canada;0;;7;;37058856
09/02/2020;Canada;0;;7;;37058856
10/02/2020;Canada;0;;7;;37058856
11/02/2020;Canada;0;;7;;37058856
12/02/2020;Canada;0;;7;;37058856
13/02/2020;Canada;0;;7;;37058856
14/02/2020;Canada;0;;7;;37058856
15/02/2020;Canada;0;;7;;37058856
16/02/2020;Canada;0;;7;;37058856
17/02/2020;Canada;0;;7;;37058856
18/02/2020;Canada;1;;8;;37058856
19/02/2020;Canada;0;;8;;37058856
20/02/2020;Canada;0;;8;;37058856
21/02/2020;Canada;0;;8;;37058856
22/02/2020;Canada;0;;8;;37058856
23/02/2020;Canada;1;;9;;37058856
24/02/2020;Canada;0;;9;;37058856
25/02/2020;Canada;1;;10;;37058856
26/02/2020;Canada;0;;10;;37058856
27/02/2020;Canada;1;;11;;37058856
28/02/2020;Canada;0;;11;;37058856
29/02/2020;Canada;3;;14;;37058856
01/03/2020;Canada;5;;19;;37058856
02/03/2020;Canada;0;;19;;37058856
03/03/2020;Canada;8;;27;;37058856
04/03/2020;Canada;3;;30;;37058856
05/03/2020;Canada;0;;30;;37058856
06/03/2020;Canada;15;;45;;37058856
07/03/2020;Canada;6;;51;;37058856
08/03/2020;Canada;6;;57;;37058856
09/03/2020;Canada;5;;62;;37058856
10/03/2020;Canada;15;;77;;37058856
11/03/2020;Canada;16;;93;1;37058856
12/03/2020;Canada;0;0;93;1;37058856
13/03/2020;Canada;45;0;138;1;37058856
14/03/2020;Canada;38;0;176;1;37058856
14/03/2020;Cayman Islands;;;1;;64174
04/03/2020;Chile;;;1;;18729160
05/03/2020;Chile;0;;1;;18729160
06/03/2020;Chile;0;;1;;18729160
07/03/2020;Chile;4;;5;;18729160
08/03/2020;Chile;0;;5;;18729160
09/03/2020;Chile;5;;10;;18729160
10/03/2020;Chile;3;;13;;18729160
11/03/2020;Chile;4;;17;;18729160
12/03/2020;Chile;6;;23;;18729160
13/03/2020;Chile;10;;33;;18729160
14/03/2020;Chile;10;;43;;18729160
21/01/2020;China;;;278;6;1392730000
22/01/2020;China;32;0;310;6;1392730000
23/01/2020;China;264;11;574;17;1392730000
24/01/2020;China;261;8;835;25;1392730000
25/01/2020;China;462;16;1297;41;1392730000
26/01/2020;China;688;15;1985;56;1392730000
27/01/2020;China;776;24;2761;80;1392730000
28/01/2020;China;1776;26;4537;106;1392730000
29/01/2020;China;1460;26;5997;132;1392730000
30/01/2020;China;1739;38;7736;170;1392730000
31/01/2020;China;1984;43;9720;213;1392730000
01/02/2020;China;2101;46;11821;259;1392730000
02/02/2020;China;2590;45;14411;304;1392730000
03/02/2020;China;2827;57;17238;361;1392730000
04/02/2020;China;3233;64;20471;425;1392730000
05/02/2020;China;3892;66;24363;491;1392730000
06/02/2020;China;3697;73;28060;564;1392730000
07/02/2020;China;3151;73;31211;637;1392730000
08/02/2020;China;3387;86;34598;723;1392730000
09/02/2020;China;2653;89;37251;812;1392730000
10/02/2020;China;2984;97;40235;909;1392730000
11/02/2020;China;2473;108;42708;1017;1392730000
12/02/2020;China;2022;97;44730;1114;1392730000
13/02/2020;China;1820;254;46550;1368;1392730000
14/02/2020;China;1998;13;48548;1381;1392730000
15/02/2020;China;1506;143;50054;1524;1392730000
16/02/2020;China;1120;142;51174;1666;1392730000
17/02/2020;China;19461;106;70635;1772;1392730000
18/02/2020;China;1893;98;72528;1870;1392730000
19/02/2020;China;1752;136;74280;2006;1392730000
20/02/2020;China;395;115;74675;2121;1392730000
21/02/2020;China;894;118;75569;2239;1392730000
22/02/2020;China;823;109;76392;2348;1392730000
23/02/2020;China;650;97;77042;2445;1392730000
24/02/2020;China;220;150;77262;2595;1392730000
25/02/2020;China;518;71;77780;2666;1392730000
26/02/2020;China;411;52;78191;2718;1392730000
27/02/2020;China;439;29;78630;2747;1392730000
28/02/2020;China;331;44;78961;2791;1392730000
29/02/2020;China;433;47;79394;2838;1392730000
01/03/2020;China;574;35;79968;2873;1392730000
02/03/2020;China;206;42;80174;2915;1392730000
03/03/2020;China;130;31;80304;2946;1392730000
04/03/2020;China;118;38;80422;2984;1392730000
05/03/2020;China;143;31;80565;3015;1392730000
06/03/2020;China;146;30;80711;3045;1392730000
07/03/2020;China;102;28;80813;3073;1392730000
08/03/2020;China;46;27;80859;3100;1392730000
09/03/2020;China;45;23;80904;3123;1392730000
10/03/2020;China;20;17;80924;3140;1392730000
11/03/2020;China;31;22;80955;3162;1392730000
12/03/2020;China;26;11;80981;3173;1392730000
13/03/2020;China;10;7;80991;3180;1392730000
14/03/2020;China;30;14;81021;3194;1392730000
07/03/2020;Colombia;;;1;;49648685
08/03/2020;Colombia;0;;1;;49648685
09/03/2020;Colombia;0;;1;;49648685
10/03/2020;Colombia;2;;3;;49648685
11/03/2020;Colombia;0;;3;;49648685
12/03/2020;Colombia;6;;9;;49648685
13/03/2020;Colombia;0;;9;;49648685
14/03/2020;Colombia;7;;16;;49648685
08/03/2020;Costa Rica;;;5;;4999441
09/03/2020;Costa Rica;4;;9;;4999441
10/03/2020;Costa Rica;0;;9;;4999441
11/03/2020;Costa Rica;4;;13;;4999441
12/03/2020;Costa Rica;0;;13;;4999441
13/03/2020;Costa Rica;9;;22;;4999441
14/03/2020;Costa Rica;1;;23;;4999441
26/02/2020;Croatia;;;2;;4089400
27/02/2020;Croatia;1;;3;;4089400
28/02/2020;Croatia;0;;3;;4089400
29/02/2020;Croatia;2;;5;;4089400
01/03/2020;Croatia;2;;7;;4089400
02/03/2020;Croatia;0;;7;;4089400
03/03/2020;Croatia;1;;8;;4089400
04/03/2020;Croatia;1;;9;;4089400
05/03/2020;Croatia;0;;9;;4089400
06/03/2020;Croatia;1;;10;;4089400
07/03/2020;Croatia;1;;11;;4089400
08/03/2020;Croatia;0;;11;;4089400
09/03/2020;Croatia;0;;11;;4089400
10/03/2020;Croatia;1;;12;;4089400
11/03/2020;Croatia;4;;16;;4089400
12/03/2020;Croatia;0;;16;;4089400
13/03/2020;Croatia;0;;16;;4089400
14/03/2020;Croatia;11;;27;;4089400
13/03/2020;Cuba;;;3;;11338138
14/03/2020;Cuba;1;;4;;11338138
10/03/2020;Cyprus;;;2;;1189265
11/03/2020;Cyprus;0;;2;;1189265
12/03/2020;Cyprus;4;;6;;1189265
13/03/2020;Cyprus;0;;6;;1189265
14/03/2020;Cyprus;8;;14;;1189265
02/03/2020;Czech Republic;;;3;;10625695
03/03/2020;Czech Republic;0;;3;;10625695
04/03/2020;Czech Republic;2;;5;;10625695
05/03/2020;Czech Republic;0;;5;;10625695
06/03/2020;Czech Republic;7;;12;;10625695
07/03/2020;Czech Republic;0;;12;;10625695
08/03/2020;Czech Republic;14;;26;;10625695
09/03/2020;Czech Republic;6;;32;;10625695
10/03/2020;Czech Republic;6;;38;;10625695
11/03/2020;Czech Republic;23;;61;;10625695
12/03/2020;Czech Republic;33;;94;;10625695
13/03/2020;Czech Republic;22;;116;;10625695
14/03/2020;Czech Republic;34;;150;;10625695
12/03/2020;Cote d'Ivoire;;;1;;25069229
13/03/2020;Cote d'Ivoire;0;;1;;25069229
14/03/2020;Cote d'Ivoire;0;;1;;25069229
11/03/2020;Democratic Republic of Congo;;;1;;81398764
12/03/2020;Democratic Republic of Congo;0;;1;;81398764
13/03/2020;Democratic Republic of Congo;0;;1;;81398764
14/03/2020;Democratic Republic of Congo;1;;2;;81398764
27/02/2020;Denmark;;;1;;5797446
28/02/2020;Denmark;0;;1;;5797446
29/02/2020;Denmark;1;;2;;5797446
01/03/2020;Denmark;1;;3;;5797446
02/03/2020;Denmark;1;;4;;5797446
03/03/2020;Denmark;1;;5;;5797446
04/03/2020;Denmark;3;;8;;5797446
05/03/2020;Denmark;2;;10;;5797446
06/03/2020;Denmark;8;;18;;5797446
07/03/2020;Denmark;5;;23;;5797446
08/03/2020;Denmark;8;;31;;5797446
09/03/2020;Denmark;5;;36;;5797446
10/03/2020;Denmark;54;;90;;5797446
11/03/2020;Denmark;172;;262;;5797446
12/03/2020;Denmark;353;;615;;5797446
13/03/2020;Denmark;59;;674;;5797446
14/03/2020;Denmark;127;;801;;5797446
02/03/2020;Dominican Republic;;;1;;10627165
03/03/2020;Dominican Republic;0;;1;;10627165
04/03/2020;Dominican Republic;0;;1;;10627165
05/03/2020;Dominican Republic;0;;1;;10627165
06/03/2020;Dominican Republic;0;;1;;10627165
07/03/2020;Dominican Republic;0;;1;;10627165
08/03/2020;Dominican Republic;0;;1;;10627165
09/03/2020;Dominican Republic;0;;1;;10627165
10/03/2020;Dominican Republic;4;;5;;10627165
11/03/2020;Dominican Republic;0;;5;;10627165
12/03/2020;Dominican Republic;0;;5;;10627165
13/03/2020;Dominican Republic;0;;5;;10627165
14/03/2020;Dominican Republic;0;;5;;10627165
01/03/2020;Ecuador;;;1;;17084357
02/03/2020;Ecuador;0;;1;;17084357
03/03/2020;Ecuador;5;;6;;17084357
04/03/2020;Ecuador;1;;7;;17084357
05/03/2020;Ecuador;0;;7;;17084357
06/03/2020;Ecuador;6;;13;;17084357
07/03/2020;Ecuador;1;;14;;17084357
08/03/2020;Ecuador;0;;14;;17084357
09/03/2020;Ecuador;1;;15;;17084357
10/03/2020;Ecuador;0;;15;;17084357
11/03/2020;Ecuador;0;;15;;17084357
12/03/2020;Ecuador;2;;17;;17084357
13/03/2020;Ecuador;0;;17;;17084357
14/03/2020;Ecuador;6;;23;;17084357
15/02/2020;Egypt;;;1;;96442593
16/02/2020;Egypt;0;;1;;96442593
17/02/2020;Egypt;0;;1;;96442593
18/02/2020;Egypt;0;;1;;96442593
19/02/2020;Egypt;0;;1;;96442593
20/02/2020;Egypt;0;;1;;96442593
21/02/2020;Egypt;0;;1;;96442593
22/02/2020;Egypt;0;;1;;96442593
23/02/2020;Egypt;0;;1;;96442593
24/02/2020;Egypt;0;;1;;96442593
25/02/2020;Egypt;0;;1;;96442593
26/02/2020;Egypt;0;;1;;96442593
27/02/2020;Egypt;0;;1;;96442593
28/02/2020;Egypt;0;;1;;96442593
29/02/2020;Egypt;0;;1;;96442593
01/03/2020;Egypt;0;;1;;96442593
02/03/2020;Egypt;1;;2;;96442593
03/03/2020;Egypt;0;;2;;96442593
04/03/2020;Egypt;0;;2;;96442593
05/03/2020;Egypt;0;;2;;96442593
06/03/2020;Egypt;1;;3;;96442593
07/03/2020;Egypt;0;;3;;96442593
08/03/2020;Egypt;45;;48;;96442593
09/03/2020;Egypt;7;;55;1;96442593
10/03/2020;Egypt;4;0;59;1;96442593
11/03/2020;Egypt;0;0;59;1;96442593
12/03/2020;Egypt;8;0;67;1;96442593
13/03/2020;Egypt;0;0;67;1;96442593
14/03/2020;Egypt;26;1;93;2;96442593
27/02/2020;Estonia;;;1;;1320884
28/02/2020;Estonia;0;;1;;1320884
29/02/2020;Estonia;0;;1;;1320884
01/03/2020;Estonia;0;;1;;1320884
02/03/2020;Estonia;0;;1;;1320884
03/03/2020;Estonia;0;;1;;1320884
04/03/2020;Estonia;1;;2;;1320884
05/03/2020;Estonia;0;;2;;1320884
06/03/2020;Estonia;1;;3;;1320884
07/03/2020;Estonia;7;;10;;1320884
08/03/2020;Estonia;0;;10;;1320884
09/03/2020;Estonia;0;;10;;1320884
10/03/2020;Estonia;0;;10;;1320884
11/03/2020;Estonia;3;;13;;1320884
12/03/2020;Estonia;0;;13;;1320884
13/03/2020;Estonia;0;;13;;1320884
14/03/2020;Estonia;66;;79;;1320884
14/03/2020;Ethiopia;;;1;;109224559
08/03/2020;Faeroe Islands;;;1;;48497
09/03/2020;Faeroe Islands;1;;2;;48497
10/03/2020;Faeroe Islands;0;;2;;48497
11/03/2020;Faeroe Islands;0;;2;;48497
12/03/2020;Faeroe Islands;0;;2;;48497
13/03/2020;Faeroe Islands;0;;2;;48497
14/03/2020;Faeroe Islands;1;;3;;48497
30/01/2020;Finland;;;1;;5518050
31/01/2020;Finland;0;;1;;5518050
01/02/2020;Finland;0;;1;;5518050
02/02/2020;Finland;0;;1;;5518050
03/02/2020;Finland;0;;1;;5518050
04/02/2020;Finland;0;;1;;5518050
05/02/2020;Finland;0;;1;;5518050
06/02/2020;Finland;0;;1;;5518050
07/02/2020;Finland;0;;1;;5518050
08/02/2020;Finland;0;;1;;5518050
09/02/2020;Finland;0;;1;;5518050
10/02/2020;Finland;0;;1;;5518050
11/02/2020;Finland;0;;1;;5518050
12/02/2020;Finland;0;;1;;5518050
13/02/2020;Finland;0;;1;;5518050
14/02/2020;Finland;0;;1;;5518050
15/02/2020;Finland;0;;1;;5518050
16/02/2020;Finland;0;;1;;5518050
17/02/2020;Finland;0;;1;;5518050
18/02/2020;Finland;0;;1;;5518050
19/02/2020;Finland;0;;1;;5518050
20/02/2020;Finland;0;;1;;5518050
21/02/2020;Finland;0;;1;;5518050
22/02/2020;Finland;0;;1;;5518050
23/02/2020;Finland;0;;1;;5518050
24/02/2020;Finland;0;;1;;5518050
25/02/2020;Finland;0;;1;;5518050
26/02/2020;Finland;0;;1;;5518050
27/02/2020;Finland;1;;2;;5518050
28/02/2020;Finland;0;;2;;5518050
29/02/2020;Finland;0;;2;;5518050
01/03/2020;Finland;0;;2;;5518050
02/03/2020;Finland;4;;6;;5518050
03/03/2020;Finland;1;;7;;5518050
04/03/2020;Finland;0;;7;;5518050
05/03/2020;Finland;0;;7;;5518050
06/03/2020;Finland;5;;12;;5518050
07/03/2020;Finland;7;;19;;5518050
08/03/2020;Finland;0;;19;;5518050
09/03/2020;Finland;11;;30;;5518050
10/03/2020;Finland;10;;40;;5518050
11/03/2020;Finland;0;;40;;5518050
12/03/2020;Finland;0;;40;;5518050
13/03/2020;Finland;69;;109;;5518050
14/03/2020;Finland;0;;109;;5518050
25/01/2020;France;;;3;;66987244
26/01/2020;France;0;;3;;66987244
27/01/2020;France;0;;3;;66987244
28/01/2020;France;0;;3;;66987244
29/01/2020;France;1;;4;;66987244
30/01/2020;France;1;;5;;66987244
31/01/2020;France;1;;6;;66987244
01/02/2020;France;0;;6;;66987244
02/02/2020;France;0;;6;;66987244
03/02/2020;France;0;;6;;66987244
04/02/2020;France;0;;6;;66987244
05/02/2020;France;0;;6;;66987244
06/02/2020;France;0;;6;;66987244
07/02/2020;France;0;;6;;66987244
08/02/2020;France;0;;6;;66987244
09/02/2020;France;5;;11;;66987244
10/02/2020;France;0;;11;;66987244
11/02/2020;France;0;;11;;66987244
12/02/2020;France;0;;11;;66987244
13/02/2020;France;0;;11;;66987244
14/02/2020;France;0;;11;;66987244
15/02/2020;France;0;;11;;66987244
16/02/2020;France;1;;12;1;66987244
17/02/2020;France;0;0;12;1;66987244
18/02/2020;France;0;0;12;1;66987244
19/02/2020;France;0;0;12;1;66987244
20/02/2020;France;0;0;12;1;66987244
21/02/2020;France;0;0;12;1;66987244
22/02/2020;France;0;0;12;1;66987244
23/02/2020;France;0;0;12;1;66987244
24/02/2020;France;0;0;12;1;66987244
25/02/2020;France;0;0;12;1;66987244
26/02/2020;France;0;0;12;1;66987244
27/02/2020;France;6;1;18;2;66987244
28/02/2020;France;20;0;38;2;66987244
29/02/2020;France;19;0;57;2;66987244
01/03/2020;France;43;0;100;2;66987244
02/03/2020;France;0;0;100;2;66987244
03/03/2020;France;91;1;191;3;66987244
04/03/2020;France;21;1;212;4;66987244
05/03/2020;France;70;0;282;4;66987244
06/03/2020;France;138;2;420;6;66987244
07/03/2020;France;193;3;613;9;66987244
08/03/2020;France;93;1;706;10;66987244
09/03/2020;France;410;9;1116;19;66987244
10/03/2020;France;286;11;1402;30;66987244
11/03/2020;France;372;3;1774;33;66987244
12/03/2020;France;495;15;2269;48;66987244
13/03/2020;France;591;13;2860;61;66987244
14/03/2020;France;780;18;3640;79;66987244
08/03/2020;French Guiana;;;5;;#N/A
09/03/2020;French Guiana;0;;5;;#N/A
10/03/2020;French Guiana;0;;5;;#N/A
11/03/2020;French Guiana;0;;5;;#N/A
12/03/2020;French Guiana;0;;5;;#N/A
13/03/2020;French Guiana;1;;6;;#N/A
14/03/2020;French Guiana;0;;6;;#N/A
12/03/2020;French Polynesia;;;1;;277679
13/03/2020;French Polynesia;0;;1;;277679
14/03/2020;French Polynesia;0;;1;;277679
14/03/2020;Gabon;;;1;;2119275
27/02/2020;Georgia;;;1;;3731000
28/02/2020;Georgia;0;;1;;3731000
29/02/2020;Georgia;1;;2;;3731000
01/03/2020;Georgia;1;;3;;3731000
02/03/2020;Georgia;0;;3;;3731000
03/03/2020;Georgia;0;;3;;3731000
04/03/2020;Georgia;0;;3;;3731000
05/03/2020;Georgia;0;;3;;3731000
06/03/2020;Georgia;6;;9;;3731000
07/03/2020;Georgia;0;;9;;3731000
08/03/2020;Georgia;3;;12;;3731000
09/03/2020;Georgia;1;;13;;3731000
10/03/2020;Georgia;2;;15;;3731000
11/03/2020;Georgia;8;;23;;3731000
12/03/2020;Georgia;0;;23;;3731000
13/03/2020;Georgia;2;;25;;3731000
14/03/2020;Georgia;0;;25;;3731000
28/01/2020;Germany;;;1;;82927922
29/01/2020;Germany;3;;4;;82927922
30/01/2020;Germany;0;;4;;82927922
31/01/2020;Germany;1;;5;;82927922
01/02/2020;Germany;2;;7;;82927922
02/02/2020;Germany;1;;8;;82927922
03/02/2020;Germany;2;;10;;82927922
04/02/2020;Germany;2;;12;;82927922
05/02/2020;Germany;0;;12;;82927922
06/02/2020;Germany;0;;12;;82927922
07/02/2020;Germany;1;;13;;82927922
08/02/2020;Germany;1;;14;;82927922
09/02/2020;Germany;0;;14;;82927922
10/02/2020;Germany;0;;14;;82927922
11/02/2020;Germany;0;;14;;82927922
12/02/2020;Germany;2;;16;;82927922
13/02/2020;Germany;0;;16;;82927922
14/02/2020;Germany;0;;16;;82927922
15/02/2020;Germany;0;;16;;82927922
16/02/2020;Germany;0;;16;;82927922
17/02/2020;Germany;0;;16;;82927922
18/02/2020;Germany;0;;16;;82927922
19/02/2020;Germany;0;;16;;82927922
20/02/2020;Germany;0;;16;;82927922
21/02/2020;Germany;0;;16;;82927922
22/02/2020;Germany;0;;16;;82927922
23/02/2020;Germany;0;;16;;82927922
24/02/2020;Germany;0;;16;;82927922
25/02/2020;Germany;0;;16;;82927922
26/02/2020;Germany;2;;18;;82927922
27/02/2020;Germany;3;;21;;82927922
28/02/2020;Germany;5;;26;;82927922
29/02/2020;Germany;31;;57;;82927922
01/03/2020;Germany;0;;57;;82927922
02/03/2020;Germany;72;;129;;82927922
03/03/2020;Germany;28;;157;;82927922
04/03/2020;Germany;39;;196;;82927922
05/03/2020;Germany;66;;262;;82927922
06/03/2020;Germany;272;;534;;82927922
07/03/2020;Germany;105;;639;;82927922
08/03/2020;Germany;156;;795;;82927922
09/03/2020;Germany;317;;1112;;82927922
10/03/2020;Germany;27;;1139;2;82927922
11/03/2020;Germany;157;0;1296;2;82927922
12/03/2020;Germany;271;1;1567;3;82927922
13/03/2020;Germany;802;3;2369;6;82927922
14/03/2020;Germany;693;0;3062;6;82927922
14/03/2020;Ghana;;;1;;29767108
05/03/2020;Gibraltar;;;1;;33718
06/03/2020;Gibraltar;0;;1;;33718
07/03/2020;Gibraltar;0;;1;;33718
08/03/2020;Gibraltar;0;;1;;33718
09/03/2020;Gibraltar;0;;1;;33718
10/03/2020;Gibraltar;0;;1;;33718
11/03/2020;Gibraltar;0;;1;;33718
12/03/2020;Gibraltar;0;;1;;33718
13/03/2020;Gibraltar;0;;1;;33718
14/03/2020;Gibraltar;0;;1;;33718
27/02/2020;Greece;;;1;;10727668
28/02/2020;Greece;2;;3;;10727668
29/02/2020;Greece;0;;3;;10727668
01/03/2020;Greece;0;;3;;10727668
02/03/2020;Greece;4;;7;;10727668
03/03/2020;Greece;0;;7;;10727668
04/03/2020;Greece;0;;7;;10727668
05/03/2020;Greece;2;;9;;10727668
06/03/2020;Greece;23;;32;;10727668
07/03/2020;Greece;0;;32;;10727668
08/03/2020;Greece;34;;66;;10727668
09/03/2020;Greece;7;;73;;10727668
10/03/2020;Greece;0;;73;;10727668
11/03/2020;Greece;16;;89;;10727668
12/03/2020;Greece;9;;98;1;10727668
13/03/2020;Greece;0;0;98;1;10727668
14/03/2020;Greece;0;0;98;1;10727668
14/03/2020;Guadeloupe;;;1;;#N/A
10/03/2020;Guernsey;;;1;;#N/A
11/03/2020;Guernsey;0;;1;;#N/A
12/03/2020;Guernsey;0;;1;;#N/A
13/03/2020;Guernsey;0;;1;;#N/A
14/03/2020;Guernsey;0;;1;;#N/A
14/03/2020;Guinea;;;1;;12414318
13/03/2020;Guyana;;;1;1;779004
14/03/2020;Guyana;5;0;6;1;779004
07/03/2020;Vatican;;;1;;#N/A
08/03/2020;Vatican;0;;1;;#N/A
09/03/2020;Vatican;0;;1;;#N/A
10/03/2020;Vatican;0;;1;;#N/A
11/03/2020;Vatican;0;;1;;#N/A
12/03/2020;Vatican;0;;1;;#N/A
13/03/2020;Vatican;0;;1;;#N/A
14/03/2020;Vatican;0;;1;;#N/A
12/03/2020;Honduras;;;2;;9587522
13/03/2020;Honduras;0;;2;;9587522
14/03/2020;Honduras;0;;2;;9587522
05/03/2020;Hungary;;;2;;9768785
06/03/2020;Hungary;0;;2;;9768785
07/03/2020;Hungary;3;;5;;9768785
08/03/2020;Hungary;2;;7;;9768785
09/03/2020;Hungary;2;;9;;9768785
10/03/2020;Hungary;0;;9;;9768785
11/03/2020;Hungary;4;;13;;9768785
12/03/2020;Hungary;0;;13;;9768785
13/03/2020;Hungary;3;;16;;9768785
14/03/2020;Hungary;3;;19;;9768785
02/03/2020;Iceland;;;2;;353574
03/03/2020;Iceland;7;;9;;353574
04/03/2020;Iceland;7;;16;;353574
05/03/2020;Iceland;10;;26;;353574
06/03/2020;Iceland;0;;26;;353574
07/03/2020;Iceland;19;;45;;353574
08/03/2020;Iceland;0;;45;;353574
09/03/2020;Iceland;10;;55;;353574
10/03/2020;Iceland;0;;55;;353574
11/03/2020;Iceland;6;;61;;353574
12/03/2020;Iceland;0;;61;;353574
13/03/2020;Iceland;0;;61;;353574
14/03/2020;Iceland;0;;61;;353574
30/01/2020;India;;;1;;1352617328
31/01/2020;India;0;;1;;1352617328
01/02/2020;India;0;;1;;1352617328
02/02/2020;India;1;;2;;1352617328
03/02/2020;India;1;;3;;1352617328
04/02/2020;India;0;;3;;1352617328
05/02/2020;India;0;;3;;1352617328
06/02/2020;India;0;;3;;1352617328
07/02/2020;India;0;;3;;1352617328
08/02/2020;India;0;;3;;1352617328
09/02/2020;India;0;;3;;1352617328
10/02/2020;India;0;;3;;1352617328
11/02/2020;India;0;;3;;1352617328
12/02/2020;India;0;;3;;1352617328
13/02/2020;India;0;;3;;1352617328
14/02/2020;India;0;;3;;1352617328
15/02/2020;India;0;;3;;1352617328
16/02/2020;India;0;;3;;1352617328
17/02/2020;India;0;;3;;1352617328
18/02/2020;India;0;;3;;1352617328
19/02/2020;India;0;;3;;1352617328
20/02/2020;India;0;;3;;1352617328
21/02/2020;India;0;;3;;1352617328
22/02/2020;India;0;;3;;1352617328
23/02/2020;India;0;;3;;1352617328
24/02/2020;India;0;;3;;1352617328
25/02/2020;India;0;;3;;1352617328
26/02/2020;India;0;;3;;1352617328
27/02/2020;India;0;;3;;1352617328
28/02/2020;India;0;;3;;1352617328
29/02/2020;India;0;;3;;1352617328
01/03/2020;India;0;;3;;1352617328
02/03/2020;India;0;;3;;1352617328
03/03/2020;India;2;;5;;1352617328
04/03/2020;India;1;;6;;1352617328
05/03/2020;India;23;;29;;1352617328
06/03/2020;India;1;;30;;1352617328
07/03/2020;India;1;;31;;1352617328
08/03/2020;India;3;;34;;1352617328
09/03/2020;India;9;;43;;1352617328
10/03/2020;India;1;;44;;1352617328
11/03/2020;India;16;;60;;1352617328
12/03/2020;India;13;;73;;1352617328
13/03/2020;India;1;;74;1;1352617328
14/03/2020;India;8;1;82;2;1352617328
02/03/2020;Indonesia;;;2;;267663435
03/03/2020;Indonesia;0;;2;;267663435
04/03/2020;Indonesia;0;;2;;267663435
05/03/2020;Indonesia;0;;2;;267663435
06/03/2020;Indonesia;0;;2;;267663435
07/03/2020;Indonesia;0;;2;;267663435
08/03/2020;Indonesia;4;;6;;267663435
09/03/2020;Indonesia;0;;6;;267663435
10/03/2020;Indonesia;13;;19;;267663435
11/03/2020;Indonesia;8;;27;1;267663435
12/03/2020;Indonesia;7;0;34;1;267663435
13/03/2020;Indonesia;0;0;34;1;267663435
14/03/2020;Indonesia;35;2;69;3;267663435
06/02/2020;International;;;20;;#N/A
07/02/2020;International;41;;61;;#N/A
08/02/2020;International;3;;64;;#N/A
09/02/2020;International;0;;64;;#N/A
10/02/2020;International;6;;70;;#N/A
11/02/2020;International;65;;135;;#N/A
12/02/2020;International;40;;175;;#N/A
13/02/2020;International;-1;;174;;#N/A
14/02/2020;International;44;;218;;#N/A
15/02/2020;International;0;;218;;#N/A
16/02/2020;International;137;;355;;#N/A
17/02/2020;International;99;;454;;#N/A
18/02/2020;International;0;;454;;#N/A
19/02/2020;International;88;;542;;#N/A
20/02/2020;International;79;;621;2;#N/A
21/02/2020;International;13;0;634;2;#N/A
22/02/2020;International;0;0;634;2;#N/A
23/02/2020;International;0;1;634;3;#N/A
24/02/2020;International;61;0;695;3;#N/A
25/02/2020;International;-4;0;691;3;#N/A
26/02/2020;International;0;0;691;3;#N/A
27/02/2020;International;14;1;705;4;#N/A
28/02/2020;International;0;0;705;4;#N/A
29/02/2020;International;0;2;705;6;#N/A
01/03/2020;International;0;0;705;6;#N/A
02/03/2020;International;1;0;706;6;#N/A
03/03/2020;International;0;0;706;6;#N/A
04/03/2020;International;0;0;706;6;#N/A
05/03/2020;International;0;0;706;6;#N/A
06/03/2020;International;-10;0;696;6;#N/A
07/03/2020;International;0;0;696;6;#N/A
08/03/2020;International;0;1;696;7;#N/A
09/03/2020;International;0;0;696;7;#N/A
10/03/2020;International;0;0;696;7;#N/A
11/03/2020;International;0;0;696;7;#N/A
12/03/2020;International;0;0;696;7;#N/A
13/03/2020;International;0;0;696;7;#N/A
14/03/2020;International;1;0;697;7;#N/A
20/02/2020;Iran;;;2;2;80673951
21/02/2020;Iran;3;0;5;2;80673951
22/02/2020;Iran;13;2;18;4;80673951
23/02/2020;Iran;10;1;28;5;80673951
24/02/2020;Iran;15;3;43;8;80673951
25/02/2020;Iran;18;4;61;12;80673951
26/02/2020;Iran;34;3;95;15;80673951
27/02/2020;Iran;46;7;141;22;80673951
28/02/2020;Iran;104;4;245;26;80673951
29/02/2020;Iran;143;8;388;34;80673951
01/03/2020;Iran;205;9;593;43;80673951
02/03/2020;Iran;385;11;978;54;80673951
03/03/2020;Iran;523;12;1501;66;80673951
04/03/2020;Iran;835;11;2336;77;80673951
05/03/2020;Iran;586;15;2922;92;80673951
06/03/2020;Iran;591;15;3513;107;80673951
07/03/2020;Iran;1234;17;4747;124;80673951
08/03/2020;Iran;1076;21;5823;145;80673951
09/03/2020;Iran;743;49;6566;194;80673951
10/03/2020;Iran;595;43;7161;237;80673951
11/03/2020;Iran;881;54;8042;291;80673951
12/03/2020;Iran;958;63;9000;354;80673951
13/03/2020;Iran;1075;75;10075;429;80673951
14/03/2020;Iran;1289;85;11364;514;80673951
25/02/2020;Iraq;;;1;;38433600
26/02/2020;Iraq;4;;5;;38433600
27/02/2020;Iraq;1;;6;;38433600
28/02/2020;Iraq;1;;7;;38433600
29/02/2020;Iraq;1;;8;;38433600
01/03/2020;Iraq;5;;13;;38433600
02/03/2020;Iraq;6;;19;;38433600
03/03/2020;Iraq;7;;26;;38433600
04/03/2020;Iraq;5;;31;;38433600
05/03/2020;Iraq;5;;36;2;38433600
06/03/2020;Iraq;0;0;36;2;38433600
07/03/2020;Iraq;8;2;44;4;38433600
08/03/2020;Iraq;10;0;54;4;38433600
09/03/2020;Iraq;6;2;60;6;38433600
10/03/2020;Iraq;1;0;61;6;38433600
11/03/2020;Iraq;0;0;61;6;38433600
12/03/2020;Iraq;9;1;70;7;38433600
13/03/2020;Iraq;0;0;70;7;38433600
14/03/2020;Iraq;23;2;93;9;38433600
01/03/2020;Ireland;;;1;;4853506
02/03/2020;Ireland;0;;1;;4853506
03/03/2020;Ireland;0;;1;;4853506
04/03/2020;Ireland;1;;2;;4853506
05/03/2020;Ireland;0;;2;;4853506
06/03/2020;Ireland;12;;14;;4853506
07/03/2020;Ireland;4;;18;;4853506
08/03/2020;Ireland;1;;19;;4853506
09/03/2020;Ireland;2;;21;;4853506
10/03/2020;Ireland;3;;24;;4853506
11/03/2020;Ireland;10;;34;;4853506
12/03/2020;Ireland;9;;43;1;4853506
13/03/2020;Ireland;27;0;70;1;4853506
14/03/2020;Ireland;20;0;90;1;4853506
22/02/2020;Israel;;;1;;8883800
23/02/2020;Israel;0;;1;;8883800
24/02/2020;Israel;0;;1;;8883800
25/02/2020;Israel;1;;2;;8883800
26/02/2020;Israel;0;;2;;8883800
27/02/2020;Israel;0;;2;;8883800
28/02/2020;Israel;1;;3;;8883800
29/02/2020;Israel;2;;5;;8883800
01/03/2020;Israel;2;;7;;8883800
02/03/2020;Israel;0;;7;;8883800
03/03/2020;Israel;3;;10;;8883800
04/03/2020;Israel;2;;12;;8883800
05/03/2020;Israel;3;;15;;8883800
06/03/2020;Israel;0;;15;;8883800
07/03/2020;Israel;4;;19;;8883800
08/03/2020;Israel;6;;25;;8883800
09/03/2020;Israel;14;;39;;8883800
10/03/2020;Israel;0;;39;;8883800
11/03/2020;Israel;36;;75;;8883800
12/03/2020;Israel;0;;75;;8883800
13/03/2020;Israel;0;;75;;8883800
14/03/2020;Israel;25;;100;;8883800
31/01/2020;Italy;;;2;;60431283
01/02/2020;Italy;0;;2;;60431283
02/02/2020;Italy;0;;2;;60431283
03/02/2020;Italy;0;;2;;60431283
04/02/2020;Italy;0;;2;;60431283
05/02/2020;Italy;0;;2;;60431283
06/02/2020;Italy;0;;2;;60431283
07/02/2020;Italy;1;;3;;60431283
08/02/2020;Italy;0;;3;;60431283
09/02/2020;Italy;0;;3;;60431283
10/02/2020;Italy;0;;3;;60431283
11/02/2020;Italy;0;;3;;60431283
12/02/2020;Italy;0;;3;;60431283
13/02/2020;Italy;0;;3;;60431283
14/02/2020;Italy;0;;3;;60431283
15/02/2020;Italy;0;;3;;60431283
16/02/2020;Italy;0;;3;;60431283
17/02/2020;Italy;0;;3;;60431283
18/02/2020;Italy;0;;3;;60431283
19/02/2020;Italy;0;;3;;60431283
20/02/2020;Italy;0;;3;;60431283
21/02/2020;Italy;0;;3;;60431283
22/02/2020;Italy;6;;9;;60431283
23/02/2020;Italy;67;;76;2;60431283
24/02/2020;Italy;48;0;124;2;60431283
25/02/2020;Italy;105;4;229;6;60431283
26/02/2020;Italy;93;5;322;11;60431283
27/02/2020;Italy;78;1;400;12;60431283
28/02/2020;Italy;250;5;650;17;60431283
29/02/2020;Italy;238;4;888;21;60431283
01/03/2020;Italy;240;8;1128;29;60431283
02/03/2020;Italy;561;6;1689;35;60431283
03/03/2020;Italy;347;17;2036;52;60431283
04/03/2020;Italy;466;28;2502;80;60431283
05/03/2020;Italy;587;27;3089;107;60431283
06/03/2020;Italy;769;41;3858;148;60431283
07/03/2020;Italy;778;49;4636;197;60431283
08/03/2020;Italy;1247;37;5883;234;60431283
09/03/2020;Italy;1492;132;7375;366;60431283
10/03/2020;Italy;1797;97;9172;463;60431283
11/03/2020;Italy;977;168;10149;631;60431283
12/03/2020;Italy;2313;196;12462;827;60431283
13/03/2020;Italy;2651;189;15113;1016;60431283
14/03/2020;Italy;2547;252;17660;1268;60431283
11/03/2020;Jamaica;;;1;;2934855
12/03/2020;Jamaica;0;;1;;2934855
13/03/2020;Jamaica;0;;1;;2934855
14/03/2020;Jamaica;6;;7;;2934855
21/01/2020;Japan;;;1;;126529100
22/01/2020;Japan;0;;1;;126529100
23/01/2020;Japan;0;;1;;126529100
24/01/2020;Japan;0;;1;;126529100
25/01/2020;Japan;2;;3;;126529100
26/01/2020;Japan;0;;3;;126529100
27/01/2020;Japan;1;;4;;126529100
28/01/2020;Japan;2;;6;;126529100
29/01/2020;Japan;1;;7;;126529100
30/01/2020;Japan;4;;11;;126529100
31/01/2020;Japan;3;;14;;126529100
01/02/2020;Japan;3;;17;;126529100
02/02/2020;Japan;3;;20;;126529100
03/02/2020;Japan;0;;20;;126529100
04/02/2020;Japan;0;;20;;126529100
05/02/2020;Japan;3;;23;;126529100
06/02/2020;Japan;2;;25;;126529100
07/02/2020;Japan;0;;25;;126529100
08/02/2020;Japan;0;;25;;126529100
09/02/2020;Japan;1;;26;;126529100
10/02/2020;Japan;0;;26;;126529100
11/02/2020;Japan;0;;26;;126529100
12/02/2020;Japan;2;;28;;126529100
13/02/2020;Japan;1;;29;;126529100
14/02/2020;Japan;4;;33;1;126529100
15/02/2020;Japan;8;0;41;1;126529100
16/02/2020;Japan;12;0;53;1;126529100
17/02/2020;Japan;6;0;59;1;126529100
18/02/2020;Japan;6;0;65;1;126529100
19/02/2020;Japan;8;0;73;1;126529100
20/02/2020;Japan;12;0;85;1;126529100
21/02/2020;Japan;8;0;93;1;126529100
22/02/2020;Japan;12;0;105;1;126529100
23/02/2020;Japan;27;0;132;1;126529100
24/02/2020;Japan;12;0;144;1;126529100
25/02/2020;Japan;13;0;157;1;126529100
26/02/2020;Japan;7;0;164;1;126529100
27/02/2020;Japan;22;2;186;3;126529100
28/02/2020;Japan;24;1;210;4;126529100
29/02/2020;Japan;20;1;230;5;126529100
01/03/2020;Japan;9;0;239;5;126529100
02/03/2020;Japan;15;1;254;6;126529100
03/03/2020;Japan;14;0;268;6;126529100
04/03/2020;Japan;16;0;284;6;126529100
05/03/2020;Japan;33;0;317;6;126529100
06/03/2020;Japan;32;0;349;6;126529100
07/03/2020;Japan;59;0;408;6;126529100
08/03/2020;Japan;47;0;455;6;126529100
09/03/2020;Japan;33;1;488;7;126529100
10/03/2020;Japan;26;2;514;9;126529100
11/03/2020;Japan;54;3;568;12;126529100
12/03/2020;Japan;52;3;620;15;126529100
13/03/2020;Japan;55;4;675;19;126529100
14/03/2020;Japan;41;2;716;21;126529100
13/03/2020;Jersey;;;2;;#N/A
14/03/2020;Jersey;0;;2;;#N/A
03/03/2020;Jordan;;;1;;9956011
04/03/2020;Jordan;0;;1;;9956011
05/03/2020;Jordan;0;;1;;9956011
06/03/2020;Jordan;0;;1;;9956011
07/03/2020;Jordan;0;;1;;9956011
08/03/2020;Jordan;0;;1;;9956011
09/03/2020;Jordan;0;;1;;9956011
10/03/2020;Jordan;0;;1;;9956011
11/03/2020;Jordan;0;;1;;9956011
12/03/2020;Jordan;0;;1;;9956011
13/03/2020;Jordan;0;;1;;9956011
14/03/2020;Jordan;0;;1;;9956011
14/03/2020;Kenya;;;1;;51393010
24/02/2020;Kuwait;;;3;;4137309
25/02/2020;Kuwait;5;;8;;4137309
26/02/2020;Kuwait;4;;12;;4137309
27/02/2020;Kuwait;31;;43;;4137309
28/02/2020;Kuwait;0;;43;;4137309
29/02/2020;Kuwait;2;;45;;4137309
01/03/2020;Kuwait;0;;45;;4137309
02/03/2020;Kuwait;11;;56;;4137309
03/03/2020;Kuwait;0;;56;;4137309
04/03/2020;Kuwait;0;;56;;4137309
05/03/2020;Kuwait;2;;58;;4137309
06/03/2020;Kuwait;0;;58;;4137309
07/03/2020;Kuwait;0;;58;;4137309
08/03/2020;Kuwait;4;;62;;4137309
09/03/2020;Kuwait;2;;64;;4137309
10/03/2020;Kuwait;1;;65;;4137309
11/03/2020;Kuwait;4;;69;;4137309
12/03/2020;Kuwait;11;;80;;4137309
13/03/2020;Kuwait;0;;80;;4137309
14/03/2020;Kuwait;20;;100;;4137309
03/03/2020;Latvia;;;1;;1926542
04/03/2020;Latvia;0;;1;;1926542
05/03/2020;Latvia;0;;1;;1926542
06/03/2020;Latvia;0;;1;;1926542
07/03/2020;Latvia;0;;1;;1926542
08/03/2020;Latvia;0;;1;;1926542
09/03/2020;Latvia;2;;3;;1926542
10/03/2020;Latvia;3;;6;;1926542
11/03/2020;Latvia;2;;8;;1926542
12/03/2020;Latvia;8;;16;;1926542
13/03/2020;Latvia;0;;16;;1926542
14/03/2020;Latvia;0;;16;;1926542
22/02/2020;Lebanon;;;1;;6848925
23/02/2020;Lebanon;0;;1;;6848925
24/02/2020;Lebanon;0;;1;;6848925
25/02/2020;Lebanon;0;;1;;6848925
26/02/2020;Lebanon;0;;1;;6848925
27/02/2020;Lebanon;1;;2;;6848925
28/02/2020;Lebanon;0;;2;;6848925
29/02/2020;Lebanon;0;;2;;6848925
01/03/2020;Lebanon;0;;2;;6848925
02/03/2020;Lebanon;8;;10;;6848925
03/03/2020;Lebanon;3;;13;;6848925
04/03/2020;Lebanon;0;;13;;6848925
05/03/2020;Lebanon;0;;13;;6848925
06/03/2020;Lebanon;3;;16;;6848925
07/03/2020;Lebanon;6;;22;;6848925
08/03/2020;Lebanon;6;;28;;6848925
09/03/2020;Lebanon;4;;32;;6848925
10/03/2020;Lebanon;9;;41;;6848925
11/03/2020;Lebanon;0;;41;1;6848925
12/03/2020;Lebanon;25;2;66;3;6848925
13/03/2020;Lebanon;0;0;66;3;6848925
14/03/2020;Lebanon;11;1;77;4;6848925
05/03/2020;Liechtenstein;;;1;;37910
06/03/2020;Liechtenstein;0;;1;;37910
07/03/2020;Liechtenstein;0;;1;;37910
08/03/2020;Liechtenstein;0;;1;;37910
09/03/2020;Liechtenstein;0;;1;;37910
10/03/2020;Liechtenstein;0;;1;;37910
11/03/2020;Liechtenstein;0;;1;;37910
12/03/2020;Liechtenstein;0;;1;;37910
13/03/2020;Liechtenstein;3;;4;;37910
14/03/2020;Liechtenstein;0;;4;;37910
28/02/2020;Lithuania;;;1;;2789533
29/02/2020;Lithuania;0;;1;;2789533
01/03/2020;Lithuania;0;;1;;2789533
02/03/2020;Lithuania;0;;1;;2789533
03/03/2020;Lithuania;0;;1;;2789533
04/03/2020;Lithuania;0;;1;;2789533
05/03/2020;Lithuania;0;;1;;2789533
06/03/2020;Lithuania;0;;1;;2789533
07/03/2020;Lithuania;0;;1;;2789533
08/03/2020;Lithuania;0;;1;;2789533
09/03/2020;Lithuania;0;;1;;2789533
10/03/2020;Lithuania;0;;1;;2789533
11/03/2020;Lithuania;0;;1;;2789533
12/03/2020;Lithuania;2;;3;;2789533
13/03/2020;Lithuania;0;;3;;2789533
14/03/2020;Lithuania;3;;6;;2789533
02/03/2020;Luxembourg;;;1;;607728
03/03/2020;Luxembourg;0;;1;;607728
04/03/2020;Luxembourg;0;;1;;607728
05/03/2020;Luxembourg;0;;1;;607728
06/03/2020;Luxembourg;0;;1;;607728
07/03/2020;Luxembourg;1;;2;;607728
08/03/2020;Luxembourg;0;;2;;607728
09/03/2020;Luxembourg;0;;2;;607728
10/03/2020;Luxembourg;3;;5;;607728
11/03/2020;Luxembourg;0;;5;;607728
12/03/2020;Luxembourg;12;;17;;607728
13/03/2020;Luxembourg;0;;17;;607728
14/03/2020;Luxembourg;21;;38;1;607728
26/01/2020;Malaysia;;;3;;31528585
27/01/2020;Malaysia;1;;4;;31528585
28/01/2020;Malaysia;0;;4;;31528585
29/01/2020;Malaysia;0;;4;;31528585
30/01/2020;Malaysia;3;;7;;31528585
31/01/2020;Malaysia;1;;8;;31528585
01/02/2020;Malaysia;0;;8;;31528585
02/02/2020;Malaysia;0;;8;;31528585
03/02/2020;Malaysia;0;;8;;31528585
04/02/2020;Malaysia;2;;10;;31528585
05/02/2020;Malaysia;0;;10;;31528585
06/02/2020;Malaysia;2;;12;;31528585
07/02/2020;Malaysia;2;;14;;31528585
08/02/2020;Malaysia;1;;15;;31528585
09/02/2020;Malaysia;2;;17;;31528585
10/02/2020;Malaysia;1;;18;;31528585
11/02/2020;Malaysia;0;;18;;31528585
12/02/2020;Malaysia;0;;18;;31528585
13/02/2020;Malaysia;0;;18;;31528585
14/02/2020;Malaysia;1;;19;;31528585
15/02/2020;Malaysia;2;;21;;31528585
16/02/2020;Malaysia;1;;22;;31528585
17/02/2020;Malaysia;0;;22;;31528585
18/02/2020;Malaysia;0;;22;;31528585
19/02/2020;Malaysia;0;;22;;31528585
20/02/2020;Malaysia;0;;22;;31528585
21/02/2020;Malaysia;0;;22;;31528585
22/02/2020;Malaysia;0;;22;;31528585
23/02/2020;Malaysia;0;;22;;31528585
24/02/2020;Malaysia;0;;22;;31528585
25/02/2020;Malaysia;0;;22;;31528585
26/02/2020;Malaysia;0;;22;;31528585
27/02/2020;Malaysia;0;;22;;31528585
28/02/2020;Malaysia;2;;24;;31528585
29/02/2020;Malaysia;0;;24;;31528585
01/03/2020;Malaysia;0;;24;;31528585
02/03/2020;Malaysia;0;;24;;31528585
03/03/2020;Malaysia;5;;29;;31528585
04/03/2020;Malaysia;21;;50;;31528585
05/03/2020;Malaysia;0;;50;;31528585
06/03/2020;Malaysia;5;;55;;31528585
07/03/2020;Malaysia;28;;83;;31528585
08/03/2020;Malaysia;10;;93;;31528585
09/03/2020;Malaysia;0;;93;;31528585
10/03/2020;Malaysia;24;;117;;31528585
11/03/2020;Malaysia;12;;129;;31528585
12/03/2020;Malaysia;0;;129;;31528585
13/03/2020;Malaysia;0;;129;;31528585
14/03/2020;Malaysia;68;;197;;31528585
08/03/2020;Maldives;;;2;;515696
09/03/2020;Maldives;2;;4;;515696
10/03/2020;Maldives;0;;4;;515696
11/03/2020;Maldives;4;;8;;515696
12/03/2020;Maldives;0;;8;;515696
13/03/2020;Maldives;0;;8;;515696
14/03/2020;Maldives;1;;9;;515696
08/03/2020;Malta;;;3;;483530
09/03/2020;Malta;0;;3;;483530
10/03/2020;Malta;1;;4;;483530
11/03/2020;Malta;0;;4;;483530
12/03/2020;Malta;2;;6;;483530
13/03/2020;Malta;3;;9;;483530
14/03/2020;Malta;3;;12;;483530
08/03/2020;Martinique;;;2;;#N/A
09/03/2020;Martinique;0;;2;;#N/A
10/03/2020;Martinique;0;;2;;#N/A
11/03/2020;Martinique;1;;3;;#N/A
12/03/2020;Martinique;0;;3;;#N/A
13/03/2020;Martinique;1;;4;;#N/A
14/03/2020;Martinique;2;;6;;#N/A
29/02/2020;Mexico;;;2;;126190788
01/03/2020;Mexico;0;;2;;126190788
02/03/2020;Mexico;3;;5;;126190788
03/03/2020;Mexico;0;;5;;126190788
04/03/2020;Mexico;0;;5;;126190788
05/03/2020;Mexico;0;;5;;126190788
06/03/2020;Mexico;0;;5;;126190788
07/03/2020;Mexico;0;;5;;126190788
08/03/2020;Mexico;2;;7;;126190788
09/03/2020;Mexico;0;;7;;126190788
10/03/2020;Mexico;0;;7;;126190788
11/03/2020;Mexico;0;;7;;126190788
12/03/2020;Mexico;4;;11;;126190788
13/03/2020;Mexico;1;;12;;126190788
14/03/2020;Mexico;14;;26;;126190788
01/03/2020;Monaco;;;1;;38682
02/03/2020;Monaco;0;;1;;38682
03/03/2020;Monaco;0;;1;;38682
04/03/2020;Monaco;0;;1;;38682
05/03/2020;Monaco;0;;1;;38682
06/03/2020;Monaco;0;;1;;38682
07/03/2020;Monaco;0;;1;;38682
08/03/2020;Monaco;0;;1;;38682
09/03/2020;Monaco;0;;1;;38682
10/03/2020;Monaco;0;;1;;38682
11/03/2020;Monaco;0;;1;;38682
12/03/2020;Monaco;0;;1;;38682
13/03/2020;Monaco;0;;1;;38682
14/03/2020;Monaco;1;;2;;38682
10/03/2020;Mongolia;;;1;;3170208
11/03/2020;Mongolia;0;;1;;3170208
12/03/2020;Mongolia;0;;1;;3170208
13/03/2020;Mongolia;0;;1;;3170208
14/03/2020;Mongolia;0;;1;;3170208
03/03/2020;Morocco;;;1;;36029138
04/03/2020;Morocco;0;;1;;36029138
05/03/2020;Morocco;1;;2;;36029138
06/03/2020;Morocco;0;;2;;36029138
07/03/2020;Morocco;0;;2;;36029138
08/03/2020;Morocco;0;;2;;36029138
09/03/2020;Morocco;0;;2;;36029138
10/03/2020;Morocco;0;;2;;36029138
11/03/2020;Morocco;1;;3;1;36029138
12/03/2020;Morocco;2;0;5;1;36029138
13/03/2020;Morocco;1;0;6;1;36029138
14/03/2020;Morocco;1;0;7;1;36029138
25/01/2020;Nepal;;;1;;28087871
26/01/2020;Nepal;0;;1;;28087871
27/01/2020;Nepal;0;;1;;28087871
28/01/2020;Nepal;0;;1;;28087871
29/01/2020;Nepal;0;;1;;28087871
30/01/2020;Nepal;0;;1;;28087871
31/01/2020;Nepal;0;;1;;28087871
01/02/2020;Nepal;0;;1;;28087871
02/02/2020;Nepal;0;;1;;28087871
03/02/2020;Nepal;0;;1;;28087871
04/02/2020;Nepal;0;;1;;28087871
05/02/2020;Nepal;0;;1;;28087871
06/02/2020;Nepal;0;;1;;28087871
07/02/2020;Nepal;0;;1;;28087871
08/02/2020;Nepal;0;;1;;28087871
09/02/2020;Nepal;0;;1;;28087871
10/02/2020;Nepal;0;;1;;28087871
11/02/2020;Nepal;0;;1;;28087871
12/02/2020;Nepal;0;;1;;28087871
13/02/2020;Nepal;0;;1;;28087871
14/02/2020;Nepal;0;;1;;28087871
15/02/2020;Nepal;0;;1;;28087871
16/02/2020;Nepal;0;;1;;28087871
17/02/2020;Nepal;0;;1;;28087871
18/02/2020;Nepal;0;;1;;28087871
19/02/2020;Nepal;0;;1;;28087871
20/02/2020;Nepal;0;;1;;28087871
21/02/2020;Nepal;0;;1;;28087871
22/02/2020;Nepal;0;;1;;28087871
23/02/2020;Nepal;0;;1;;28087871
24/02/2020;Nepal;0;;1;;28087871
25/02/2020;Nepal;0;;1;;28087871
26/02/2020;Nepal;0;;1;;28087871
27/02/2020;Nepal;0;;1;;28087871
28/02/2020;Nepal;0;;1;;28087871
29/02/2020;Nepal;0;;1;;28087871
01/03/2020;Nepal;0;;1;;28087871
02/03/2020;Nepal;0;;1;;28087871
03/03/2020;Nepal;0;;1;;28087871
04/03/2020;Nepal;0;;1;;28087871
05/03/2020;Nepal;0;;1;;28087871
06/03/2020;Nepal;0;;1;;28087871
07/03/2020;Nepal;0;;1;;28087871
08/03/2020;Nepal;0;;1;;28087871
09/03/2020;Nepal;0;;1;;28087871
10/03/2020;Nepal;0;;1;;28087871
11/03/2020;Nepal;0;;1;;28087871
12/03/2020;Nepal;0;;1;;28087871
13/03/2020;Nepal;0;;1;;28087871
14/03/2020;Nepal;0;;1;;28087871
28/02/2020;Netherlands;;;1;;17231017
29/02/2020;Netherlands;1;;2;;17231017
01/03/2020;Netherlands;5;;7;;17231017
02/03/2020;Netherlands;6;;13;;17231017
03/03/2020;Netherlands;5;;18;;17231017
04/03/2020;Netherlands;10;;28;;17231017
05/03/2020;Netherlands;10;;38;;17231017
06/03/2020;Netherlands;44;;82;;17231017
07/03/2020;Netherlands;46;;128;1;17231017
08/03/2020;Netherlands;60;0;188;1;17231017
09/03/2020;Netherlands;77;2;265;3;17231017
10/03/2020;Netherlands;56;0;321;3;17231017
11/03/2020;Netherlands;61;1;382;4;17231017
12/03/2020;Netherlands;121;1;503;5;17231017
13/03/2020;Netherlands;111;0;614;5;17231017
14/03/2020;Netherlands;190;5;804;10;17231017
28/02/2020;New Zealand;;;1;;4885500
29/02/2020;New Zealand;0;;1;;4885500
01/03/2020;New Zealand;0;;1;;4885500
02/03/2020;New Zealand;0;;1;;4885500
03/03/2020;New Zealand;1;;2;;4885500
04/03/2020;New Zealand;0;;2;;4885500
05/03/2020;New Zealand;0;;2;;4885500
06/03/2020;New Zealand;2;;4;;4885500
07/03/2020;New Zealand;1;;5;;4885500
08/03/2020;New Zealand;0;;5;;4885500
09/03/2020;New Zealand;0;;5;;4885500
10/03/2020;New Zealand;0;;5;;4885500
11/03/2020;New Zealand;0;;5;;4885500
12/03/2020;New Zealand;0;;5;;4885500
13/03/2020;New Zealand;0;;5;;4885500
14/03/2020;New Zealand;1;;6;;4885500
28/02/2020;Nigeria;;;1;;195874740
29/02/2020;Nigeria;0;;1;;195874740
01/03/2020;Nigeria;0;;1;;195874740
02/03/2020;Nigeria;0;;1;;195874740
03/03/2020;Nigeria;0;;1;;195874740
04/03/2020;Nigeria;0;;1;;195874740
05/03/2020;Nigeria;0;;1;;195874740
06/03/2020;Nigeria;0;;1;;195874740
07/03/2020;Nigeria;0;;1;;195874740
08/03/2020;Nigeria;0;;1;;195874740
09/03/2020;Nigeria;1;;2;;195874740
10/03/2020;Nigeria;0;;2;;195874740
11/03/2020;Nigeria;0;;2;;195874740
12/03/2020;Nigeria;0;;2;;195874740
13/03/2020;Nigeria;0;;2;;195874740
14/03/2020;Nigeria;0;;2;;195874740
27/02/2020;Macedonia;;;1;;2082958
28/02/2020;Macedonia;0;;1;;2082958
29/02/2020;Macedonia;0;;1;;2082958
01/03/2020;Macedonia;0;;1;;2082958
02/03/2020;Macedonia;0;;1;;2082958
03/03/2020;Macedonia;0;;1;;2082958
04/03/2020;Macedonia;0;;1;;2082958
05/03/2020;Macedonia;0;;1;;2082958
06/03/2020;Macedonia;0;;1;;2082958
07/03/2020;Macedonia;2;;3;;2082958
08/03/2020;Macedonia;0;;3;;2082958
09/03/2020;Macedonia;0;;3;;2082958
10/03/2020;Macedonia;4;;7;;2082958
11/03/2020;Macedonia;0;;7;;2082958
12/03/2020;Macedonia;0;;7;;2082958
13/03/2020;Macedonia;0;;7;;2082958
14/03/2020;Macedonia;2;;9;;2082958
27/02/2020;Norway;;;1;;5314336
28/02/2020;Norway;3;;4;;5314336
29/02/2020;Norway;2;;6;;5314336
01/03/2020;Norway;9;;15;;5314336
02/03/2020;Norway;4;;19;;5314336
03/03/2020;Norway;6;;25;;5314336
04/03/2020;Norway;7;;32;;5314336
05/03/2020;Norway;24;;56;;5314336
06/03/2020;Norway;30;;86;;5314336
07/03/2020;Norway;27;;113;;5314336
08/03/2020;Norway;34;;147;;5314336
09/03/2020;Norway;22;;169;;5314336
10/03/2020;Norway;23;;192;;5314336
11/03/2020;Norway;85;;277;;5314336
12/03/2020;Norway;212;;489;;5314336
13/03/2020;Norway;0;;489;1;5314336
14/03/2020;Norway;261;0;750;1;5314336
05/03/2020;Palestine;;;4;;#N/A
06/03/2020;Palestine;3;;7;;#N/A
07/03/2020;Palestine;9;;16;;#N/A
08/03/2020;Palestine;0;;16;;#N/A
09/03/2020;Palestine;3;;19;;#N/A
10/03/2020;Palestine;7;;26;;#N/A
11/03/2020;Palestine;4;;30;;#N/A
12/03/2020;Palestine;0;;30;;#N/A
13/03/2020;Palestine;1;;31;;#N/A
14/03/2020;Palestine;4;;35;;#N/A
25/02/2020;Oman;;;2;;4829483
26/02/2020;Oman;2;;4;;4829483
27/02/2020;Oman;0;;4;;4829483
28/02/2020;Oman;2;;6;;4829483
29/02/2020;Oman;0;;6;;4829483
01/03/2020;Oman;0;;6;;4829483
02/03/2020;Oman;0;;6;;4829483
03/03/2020;Oman;0;;6;;4829483
04/03/2020;Oman;6;;12;;4829483
05/03/2020;Oman;3;;15;;4829483
06/03/2020;Oman;1;;16;;4829483
07/03/2020;Oman;0;;16;;4829483
08/03/2020;Oman;0;;16;;4829483
09/03/2020;Oman;0;;16;;4829483
10/03/2020;Oman;2;;18;;4829483
11/03/2020;Oman;0;;18;;4829483
12/03/2020;Oman;0;;18;;4829483
13/03/2020;Oman;0;;18;;4829483
14/03/2020;Oman;1;;19;;4829483
27/02/2020;Pakistan;;;2;;212215030
28/02/2020;Pakistan;0;;2;;212215030
29/02/2020;Pakistan;0;;2;;212215030
01/03/2020;Pakistan;2;;4;;212215030
02/03/2020;Pakistan;0;;4;;212215030
03/03/2020;Pakistan;1;;5;;212215030
04/03/2020;Pakistan;0;;5;;212215030
05/03/2020;Pakistan;0;;5;;212215030
06/03/2020;Pakistan;0;;5;;212215030
07/03/2020;Pakistan;0;;5;;212215030
08/03/2020;Pakistan;0;;5;;212215030
09/03/2020;Pakistan;1;;6;;212215030
10/03/2020;Pakistan;10;;16;;212215030
11/03/2020;Pakistan;0;;16;;212215030
12/03/2020;Pakistan;3;;19;;212215030
13/03/2020;Pakistan;1;;20;;212215030
14/03/2020;Pakistan;1;;21;;212215030
10/03/2020;Panama;;;1;;4176873
11/03/2020;Panama;7;;8;1;4176873
12/03/2020;Panama;2;0;10;1;4176873
13/03/2020;Panama;4;0;14;1;4176873
14/03/2020;Panama;13;0;27;1;4176873
09/03/2020;Paraguay;;;1;;6956071
10/03/2020;Paraguay;0;;1;;6956071
11/03/2020;Paraguay;4;;5;;6956071
12/03/2020;Paraguay;0;;5;;6956071
13/03/2020;Paraguay;0;;5;;6956071
14/03/2020;Paraguay;1;;6;;6956071
07/03/2020;Peru;;;1;;31989256
08/03/2020;Peru;5;;6;;31989256
09/03/2020;Peru;0;;6;;31989256
10/03/2020;Peru;3;;9;;31989256
11/03/2020;Peru;2;;11;;31989256
12/03/2020;Peru;6;;17;;31989256
13/03/2020;Peru;5;;22;;31989256
14/03/2020;Peru;6;;28;;31989256
30/01/2020;Philippines;;;1;;106651922
31/01/2020;Philippines;0;;1;;106651922
01/02/2020;Philippines;0;;1;;106651922
02/02/2020;Philippines;1;;2;1;106651922
03/02/2020;Philippines;0;0;2;1;106651922
04/02/2020;Philippines;0;0;2;1;106651922
05/02/2020;Philippines;1;0;3;1;106651922
06/02/2020;Philippines;0;0;3;1;106651922
07/02/2020;Philippines;0;0;3;1;106651922
08/02/2020;Philippines;0;0;3;1;106651922
09/02/2020;Philippines;0;0;3;1;106651922
10/02/2020;Philippines;0;0;3;1;106651922
11/02/2020;Philippines;0;0;3;1;106651922
12/02/2020;Philippines;0;0;3;1;106651922
13/02/2020;Philippines;0;0;3;1;106651922
14/02/2020;Philippines;0;0;3;1;106651922
15/02/2020;Philippines;0;0;3;1;106651922
16/02/2020;Philippines;0;0;3;1;106651922
17/02/2020;Philippines;0;0;3;1;106651922
18/02/2020;Philippines;0;0;3;1;106651922
19/02/2020;Philippines;0;0;3;1;106651922
20/02/2020;Philippines;0;0;3;1;106651922
21/02/2020;Philippines;0;0;3;1;106651922
22/02/2020;Philippines;0;0;3;1;106651922
23/02/2020;Philippines;0;0;3;1;106651922
24/02/2020;Philippines;0;0;3;1;106651922
25/02/2020;Philippines;0;0;3;1;106651922
26/02/2020;Philippines;0;0;3;1;106651922
27/02/2020;Philippines;0;0;3;1;106651922
28/02/2020;Philippines;0;0;3;1;106651922
29/02/2020;Philippines;0;0;3;1;106651922
01/03/2020;Philippines;0;0;3;1;106651922
02/03/2020;Philippines;0;0;3;1;106651922
03/03/2020;Philippines;0;0;3;1;106651922
04/03/2020;Philippines;0;0;3;1;106651922
05/03/2020;Philippines;0;0;3;1;106651922
06/03/2020;Philippines;2;0;5;1;106651922
07/03/2020;Philippines;0;0;5;1;106651922
08/03/2020;Philippines;1;0;6;1;106651922
09/03/2020;Philippines;4;0;10;1;106651922
10/03/2020;Philippines;23;0;33;1;106651922
11/03/2020;Philippines;16;0;49;1;106651922
12/03/2020;Philippines;3;1;52;2;106651922
13/03/2020;Philippines;0;0;52;2;106651922
14/03/2020;Philippines;12;0;64;2;106651922
04/03/2020;Poland;;;1;;37978548
05/03/2020;Poland;0;;1;;37978548
06/03/2020;Poland;0;;1;;37978548
07/03/2020;Poland;4;;5;;37978548
08/03/2020;Poland;1;;6;;37978548
09/03/2020;Poland;5;;11;;37978548
10/03/2020;Poland;5;;16;;37978548
11/03/2020;Poland;6;;22;;37978548
12/03/2020;Poland;22;;44;;37978548
13/03/2020;Poland;5;;49;1;37978548
14/03/2020;Poland;15;0;64;1;37978548
03/03/2020;Portugal;;;2;;10281762
04/03/2020;Portugal;0;;2;;10281762
05/03/2020;Portugal;5;;7;;10281762
06/03/2020;Portugal;2;;9;;10281762
07/03/2020;Portugal;4;;13;;10281762
08/03/2020;Portugal;8;;21;;10281762
09/03/2020;Portugal;9;;30;;10281762
10/03/2020;Portugal;0;;30;;10281762
11/03/2020;Portugal;11;;41;;10281762
12/03/2020;Portugal;0;;41;;10281762
13/03/2020;Portugal;0;;41;;10281762
14/03/2020;Portugal;71;;112;;10281762
14/03/2020;Puerto Rico;;;3;;3195153
01/03/2020;Qatar;;;1;;2781677
02/03/2020;Qatar;2;;3;;2781677
03/03/2020;Qatar;4;;7;;2781677
04/03/2020;Qatar;1;;8;;2781677
05/03/2020;Qatar;0;;8;;2781677
06/03/2020;Qatar;0;;8;;2781677
07/03/2020;Qatar;3;;11;;2781677
08/03/2020;Qatar;1;;12;;2781677
09/03/2020;Qatar;3;;15;;2781677
10/03/2020;Qatar;3;;18;;2781677
11/03/2020;Qatar;6;;24;;2781677
12/03/2020;Qatar;238;;262;;2781677
13/03/2020;Qatar;0;;262;;2781677
14/03/2020;Qatar;0;;262;;2781677
21/01/2020;South Korea;;;1;;51466201
22/01/2020;South Korea;0;;1;;51466201
23/01/2020;South Korea;0;;1;;51466201
24/01/2020;South Korea;1;;2;;51466201
25/01/2020;South Korea;0;;2;;51466201
26/01/2020;South Korea;0;;2;;51466201
27/01/2020;South Korea;2;;4;;51466201
28/01/2020;South Korea;0;;4;;51466201
29/01/2020;South Korea;0;;4;;51466201
30/01/2020;South Korea;0;;4;;51466201
31/01/2020;South Korea;7;;11;;51466201
01/02/2020;South Korea;1;;12;;51466201
02/02/2020;South Korea;3;;15;;51466201
03/02/2020;South Korea;0;;15;;51466201
04/02/2020;South Korea;1;;16;;51466201
05/02/2020;South Korea;2;;18;;51466201
06/02/2020;South Korea;5;;23;;51466201
07/02/2020;South Korea;1;;24;;51466201
08/02/2020;South Korea;0;;24;;51466201
09/02/2020;South Korea;3;;27;;51466201
10/02/2020;South Korea;0;;27;;51466201
11/02/2020;South Korea;1;;28;;51466201
12/02/2020;South Korea;0;;28;;51466201
13/02/2020;South Korea;0;;28;;51466201
14/02/2020;South Korea;0;;28;;51466201
15/02/2020;South Korea;0;;28;;51466201
16/02/2020;South Korea;1;;29;;51466201
17/02/2020;South Korea;1;;30;;51466201
18/02/2020;South Korea;1;;31;;51466201
19/02/2020;South Korea;20;;51;;51466201
20/02/2020;South Korea;53;;104;1;51466201
21/02/2020;South Korea;100;0;204;1;51466201
22/02/2020;South Korea;142;1;346;2;51466201
23/02/2020;South Korea;256;3;602;5;51466201
24/02/2020;South Korea;161;2;763;7;51466201
25/02/2020;South Korea;214;3;977;10;51466201
26/02/2020;South Korea;284;2;1261;12;51466201
27/02/2020;South Korea;505;1;1766;13;51466201
28/02/2020;South Korea;571;0;2337;13;51466201
29/02/2020;South Korea;813;4;3150;17;51466201
01/03/2020;South Korea;586;1;3736;18;51466201
02/03/2020;South Korea;476;4;4212;22;51466201
03/03/2020;South Korea;600;6;4812;28;51466201
04/03/2020;South Korea;516;4;5328;32;51466201
05/03/2020;South Korea;438;3;5766;35;51466201
06/03/2020;South Korea;518;7;6284;42;51466201
07/03/2020;South Korea;483;2;6767;44;51466201
08/03/2020;South Korea;367;6;7134;50;51466201
09/03/2020;South Korea;248;1;7382;51;51466201
10/03/2020;South Korea;131;3;7513;54;51466201
11/03/2020;South Korea;242;6;7755;60;51466201
12/03/2020;South Korea;114;6;7869;66;51466201
13/03/2020;South Korea;110;0;7979;66;51466201
14/03/2020;South Korea;107;6;8086;72;51466201
08/03/2020;Moldova;;;1;;3545883
09/03/2020;Moldova;0;;1;;3545883
10/03/2020;Moldova;0;;1;;3545883
11/03/2020;Moldova;2;;3;;3545883
12/03/2020;Moldova;1;;4;;3545883
13/03/2020;Moldova;0;;4;;3545883
14/03/2020;Moldova;4;;8;;3545883
27/02/2020;Romania;;;1;;19473936
28/02/2020;Romania;0;;1;;19473936
29/02/2020;Romania;2;;3;;19473936
01/03/2020;Romania;0;;3;;19473936
02/03/2020;Romania;0;;3;;19473936
03/03/2020;Romania;0;;3;;19473936
04/03/2020;Romania;1;;4;;19473936
05/03/2020;Romania;0;;4;;19473936
06/03/2020;Romania;2;;6;;19473936
07/03/2020;Romania;1;;7;;19473936
08/03/2020;Romania;6;;13;;19473936
09/03/2020;Romania;2;;15;;19473936
10/03/2020;Romania;0;;15;;19473936
11/03/2020;Romania;10;;25;;19473936
12/03/2020;Romania;23;;48;;19473936
13/03/2020;Romania;0;;48;;19473936
14/03/2020;Romania;16;;64;;19473936
01/02/2020;Russia;;;2;;144478050
02/02/2020;Russia;0;;2;;144478050
03/02/2020;Russia;0;;2;;144478050
04/02/2020;Russia;0;;2;;144478050
05/02/2020;Russia;0;;2;;144478050
06/02/2020;Russia;0;;2;;144478050
07/02/2020;Russia;0;;2;;144478050
08/02/2020;Russia;0;;2;;144478050
09/02/2020;Russia;0;;2;;144478050
10/02/2020;Russia;0;;2;;144478050
11/02/2020;Russia;0;;2;;144478050
12/02/2020;Russia;0;;2;;144478050
13/02/2020;Russia;0;;2;;144478050
14/02/2020;Russia;0;;2;;144478050
15/02/2020;Russia;0;;2;;144478050
16/02/2020;Russia;0;;2;;144478050
17/02/2020;Russia;0;;2;;144478050
18/02/2020;Russia;0;;2;;144478050
19/02/2020;Russia;0;;2;;144478050
20/02/2020;Russia;0;;2;;144478050
21/02/2020;Russia;0;;2;;144478050
22/02/2020;Russia;0;;2;;144478050
23/02/2020;Russia;0;;2;;144478050
24/02/2020;Russia;0;;2;;144478050
25/02/2020;Russia;0;;2;;144478050
26/02/2020;Russia;0;;2;;144478050
27/02/2020;Russia;0;;2;;144478050
28/02/2020;Russia;0;;2;;144478050
29/02/2020;Russia;0;;2;;144478050
01/03/2020;Russia;0;;2;;144478050
02/03/2020;Russia;0;;2;;144478050
03/03/2020;Russia;1;;3;;144478050
04/03/2020;Russia;0;;3;;144478050
05/03/2020;Russia;0;;3;;144478050
06/03/2020;Russia;1;;4;;144478050
07/03/2020;Russia;3;;7;;144478050
08/03/2020;Russia;0;;7;;144478050
09/03/2020;Russia;0;;7;;144478050
10/03/2020;Russia;0;;7;;144478050
11/03/2020;Russia;0;;7;;144478050
12/03/2020;Russia;13;;20;;144478050
13/03/2020;Russia;14;;34;;144478050
14/03/2020;Russia;0;;34;;144478050
13/03/2020;Reunion;;;3;;#N/A
14/03/2020;Reunion;2;;5;;#N/A
05/03/2020;Saint Barthlemy;;;1;;#N/A
06/03/2020;Saint Barthlemy;0;;1;;#N/A
07/03/2020;Saint Barthlemy;0;;1;;#N/A
08/03/2020;Saint Barthlemy;0;;1;;#N/A
09/03/2020;Saint Barthlemy;0;;1;;#N/A
10/03/2020;Saint Barthlemy;0;;1;;#N/A
11/03/2020;Saint Barthlemy;0;;1;;#N/A
12/03/2020;Saint Barthlemy;0;;1;;#N/A
13/03/2020;Saint Barthlemy;0;;1;;#N/A
14/03/2020;Saint Barthlemy;0;;1;;#N/A
05/03/2020;Saint Martin (French part);;;2;;#N/A
06/03/2020;Saint Martin (French part);0;;2;;#N/A
07/03/2020;Saint Martin (French part);0;;2;;#N/A
08/03/2020;Saint Martin (French part);0;;2;;#N/A
09/03/2020;Saint Martin (French part);0;;2;;#N/A
10/03/2020;Saint Martin (French part);0;;2;;#N/A
11/03/2020;Saint Martin (French part);0;;2;;#N/A
12/03/2020;Saint Martin (French part);0;;2;;#N/A
13/03/2020;Saint Martin (French part);0;;2;;#N/A
14/03/2020;Saint Martin (French part);0;;2;;#N/A
13/03/2020;Saint Vincent and the Grenadines;;;1;;#N/A
14/03/2020;Saint Vincent and the Grenadines;0;;1;;#N/A
29/02/2020;San Marino;;;1;;33785
01/03/2020;San Marino;0;;1;;33785
02/03/2020;San Marino;0;;1;;33785
03/03/2020;San Marino;7;;8;;33785
04/03/2020;San Marino;0;;8;;33785
05/03/2020;San Marino;8;;16;;33785
06/03/2020;San Marino;5;;21;;33785
07/03/2020;San Marino;3;;24;;33785
08/03/2020;San Marino;3;;27;1;33785
09/03/2020;San Marino;10;0;37;1;33785
10/03/2020;San Marino;12;1;49;2;33785
11/03/2020;San Marino;14;0;63;2;33785
12/03/2020;San Marino;0;0;63;2;33785
13/03/2020;San Marino;0;0;63;2;33785
14/03/2020;San Marino;3;0;66;2;33785
03/03/2020;Saudi Arabia;;;1;;33699947
04/03/2020;Saudi Arabia;0;;1;;33699947
05/03/2020;Saudi Arabia;1;;2;;33699947
06/03/2020;Saudi Arabia;6;;8;;33699947
07/03/2020;Saudi Arabia;0;;8;;33699947
08/03/2020;Saudi Arabia;3;;11;;33699947
09/03/2020;Saudi Arabia;4;;15;;33699947
10/03/2020;Saudi Arabia;0;;15;;33699947
11/03/2020;Saudi Arabia;5;;20;;33699947
12/03/2020;Saudi Arabia;1;;21;;33699947
13/03/2020;Saudi Arabia;0;;21;;33699947
14/03/2020;Saudi Arabia;41;;62;;33699947
03/03/2020;Senegal;;;1;;15854360
04/03/2020;Senegal;0;;1;;15854360
05/03/2020;Senegal;3;;4;;15854360
06/03/2020;Senegal;0;;4;;15854360
07/03/2020;Senegal;0;;4;;15854360
08/03/2020;Senegal;0;;4;;15854360
09/03/2020;Senegal;0;;4;;15854360
10/03/2020;Senegal;0;;4;;15854360
11/03/2020;Senegal;0;;4;;15854360
12/03/2020;Senegal;0;;4;;15854360
13/03/2020;Senegal;6;;10;;15854360
14/03/2020;Senegal;0;;10;;15854360
06/03/2020;Serbia;;;1;;6982084
07/03/2020;Serbia;0;;1;;6982084
08/03/2020;Serbia;0;;1;;6982084
09/03/2020;Serbia;0;;1;;6982084
10/03/2020;Serbia;0;;1;;6982084
11/03/2020;Serbia;11;;12;;6982084
12/03/2020;Serbia;7;;19;;6982084
13/03/2020;Serbia;0;;19;;6982084
14/03/2020;Serbia;12;;31;;6982084
24/01/2020;Singapore;;;1;;5638676
25/01/2020;Singapore;2;;3;;5638676
26/01/2020;Singapore;1;;4;;5638676
27/01/2020;Singapore;0;;4;;5638676
28/01/2020;Singapore;3;;7;;5638676
29/01/2020;Singapore;0;;7;;5638676
30/01/2020;Singapore;3;;10;;5638676
31/01/2020;Singapore;3;;13;;5638676
01/02/2020;Singapore;3;;16;;5638676
02/02/2020;Singapore;2;;18;;5638676
03/02/2020;Singapore;0;;18;;5638676
04/02/2020;Singapore;0;;18;;5638676
05/02/2020;Singapore;6;;24;;5638676
06/02/2020;Singapore;4;;28;;5638676
07/02/2020;Singapore;2;;30;;5638676
08/02/2020;Singapore;3;;33;;5638676
09/02/2020;Singapore;7;;40;;5638676
10/02/2020;Singapore;3;;43;;5638676
11/02/2020;Singapore;2;;45;;5638676
12/02/2020;Singapore;2;;47;;5638676
13/02/2020;Singapore;3;;50;;5638676
14/02/2020;Singapore;8;;58;;5638676
15/02/2020;Singapore;9;;67;;5638676
16/02/2020;Singapore;5;;72;;5638676
17/02/2020;Singapore;3;;75;;5638676
18/02/2020;Singapore;2;;77;;5638676
19/02/2020;Singapore;4;;81;;5638676
20/02/2020;Singapore;3;;84;;5638676
21/02/2020;Singapore;1;;85;;5638676
22/02/2020;Singapore;1;;86;;5638676
23/02/2020;Singapore;3;;89;;5638676
24/02/2020;Singapore;0;;89;;5638676
25/02/2020;Singapore;1;;90;;5638676
26/02/2020;Singapore;1;;91;;5638676
27/02/2020;Singapore;2;;93;;5638676
28/02/2020;Singapore;3;;96;;5638676
29/02/2020;Singapore;2;;98;;5638676
01/03/2020;Singapore;4;;102;;5638676
02/03/2020;Singapore;4;;106;;5638676
03/03/2020;Singapore;2;;108;;5638676
04/03/2020;Singapore;2;;110;;5638676
05/03/2020;Singapore;0;;110;;5638676
06/03/2020;Singapore;7;;117;;5638676
07/03/2020;Singapore;13;;130;;5638676
08/03/2020;Singapore;8;;138;;5638676
09/03/2020;Singapore;12;;150;;5638676
10/03/2020;Singapore;10;;160;;5638676
11/03/2020;Singapore;6;;166;;5638676
12/03/2020;Singapore;12;;178;;5638676
13/03/2020;Singapore;9;;187;;5638676
14/03/2020;Singapore;13;;200;;5638676
07/03/2020;Slovakia;;;1;;5447011
08/03/2020;Slovakia;2;;3;;5447011
09/03/2020;Slovakia;2;;5;;5447011
10/03/2020;Slovakia;2;;7;;5447011
11/03/2020;Slovakia;0;;7;;5447011
12/03/2020;Slovakia;3;;10;;5447011
13/03/2020;Slovakia;11;;21;;5447011
14/03/2020;Slovakia;9;;30;;5447011
05/03/2020;Slovenia;;;1;;2067372
06/03/2020;Slovenia;5;;6;;2067372
07/03/2020;Slovenia;3;;9;;2067372
08/03/2020;Slovenia;3;;12;;2067372
09/03/2020;Slovenia;4;;16;;2067372
10/03/2020;Slovenia;7;;23;;2067372
11/03/2020;Slovenia;8;;31;;2067372
12/03/2020;Slovenia;26;;57;;2067372
13/03/2020;Slovenia;0;;57;;2067372
14/03/2020;Slovenia;84;;141;;2067372
06/03/2020;South Africa;;;1;;57779622
07/03/2020;South Africa;0;;1;;57779622
08/03/2020;South Africa;1;;2;;57779622
09/03/2020;South Africa;1;;3;;57779622
10/03/2020;South Africa;4;;7;;57779622
11/03/2020;South Africa;0;;7;;57779622
12/03/2020;South Africa;6;;13;;57779622
13/03/2020;South Africa;4;;17;;57779622
14/03/2020;South Africa;0;;17;;57779622
01/02/2020;Spain;;;1;;46723749
02/02/2020;Spain;0;;1;;46723749
03/02/2020;Spain;0;;1;;46723749
04/02/2020;Spain;0;;1;;46723749
05/02/2020;Spain;0;;1;;46723749
06/02/2020;Spain;0;;1;;46723749
07/02/2020;Spain;0;;1;;46723749
08/02/2020;Spain;0;;1;;46723749
09/02/2020;Spain;0;;1;;46723749
10/02/2020;Spain;1;;2;;46723749
11/02/2020;Spain;0;;2;;46723749
12/02/2020;Spain;0;;2;;46723749
13/02/2020;Spain;0;;2;;46723749
14/02/2020;Spain;0;;2;;46723749
15/02/2020;Spain;0;;2;;46723749
16/02/2020;Spain;0;;2;;46723749
17/02/2020;Spain;0;;2;;46723749
18/02/2020;Spain;0;;2;;46723749
19/02/2020;Spain;0;;2;;46723749
20/02/2020;Spain;0;;2;;46723749
21/02/2020;Spain;0;;2;;46723749
22/02/2020;Spain;0;;2;;46723749
23/02/2020;Spain;0;;2;;46723749
24/02/2020;Spain;0;;2;;46723749
25/02/2020;Spain;0;;2;;46723749
26/02/2020;Spain;0;;2;;46723749
27/02/2020;Spain;10;;12;;46723749
28/02/2020;Spain;13;;25;;46723749
29/02/2020;Spain;7;;32;;46723749
01/03/2020;Spain;13;;45;;46723749
02/03/2020;Spain;0;;45;;46723749
03/03/2020;Spain;69;;114;;46723749
04/03/2020;Spain;37;;151;;46723749
05/03/2020;Spain;47;;198;1;46723749
06/03/2020;Spain;59;2;257;3;46723749
07/03/2020;Spain;117;2;374;5;46723749
08/03/2020;Spain;56;0;430;5;46723749
09/03/2020;Spain;159;5;589;10;46723749
10/03/2020;Spain;435;18;1024;28;46723749
11/03/2020;Spain;615;8;1639;36;46723749
12/03/2020;Spain;501;12;2140;48;46723749
13/03/2020;Spain;825;36;2965;84;46723749
14/03/2020;Spain;1266;36;4231;120;46723749
28/01/2020;Sri Lanka;;;1;;21670000
29/01/2020;Sri Lanka;0;;1;;21670000
30/01/2020;Sri Lanka;0;;1;;21670000
31/01/2020;Sri Lanka;0;;1;;21670000
01/02/2020;Sri Lanka;0;;1;;21670000
02/02/2020;Sri Lanka;0;;1;;21670000
03/02/2020;Sri Lanka;0;;1;;21670000
04/02/2020;Sri Lanka;0;;1;;21670000
05/02/2020;Sri Lanka;0;;1;;21670000
06/02/2020;Sri Lanka;0;;1;;21670000
07/02/2020;Sri Lanka;0;;1;;21670000
08/02/2020;Sri Lanka;0;;1;;21670000
09/02/2020;Sri Lanka;0;;1;;21670000
10/02/2020;Sri Lanka;0;;1;;21670000
11/02/2020;Sri Lanka;0;;1;;21670000
12/02/2020;Sri Lanka;0;;1;;21670000
13/02/2020;Sri Lanka;0;;1;;21670000
14/02/2020;Sri Lanka;0;;1;;21670000
15/02/2020;Sri Lanka;0;;1;;21670000
16/02/2020;Sri Lanka;0;;1;;21670000
17/02/2020;Sri Lanka;0;;1;;21670000
18/02/2020;Sri Lanka;0;;1;;21670000
19/02/2020;Sri Lanka;0;;1;;21670000
20/02/2020;Sri Lanka;0;;1;;21670000
21/02/2020;Sri Lanka;0;;1;;21670000
22/02/2020;Sri Lanka;0;;1;;21670000
23/02/2020;Sri Lanka;0;;1;;21670000
24/02/2020;Sri Lanka;0;;1;;21670000
25/02/2020;Sri Lanka;0;;1;;21670000
26/02/2020;Sri Lanka;0;;1;;21670000
27/02/2020;Sri Lanka;0;;1;;21670000
28/02/2020;Sri Lanka;0;;1;;21670000
29/02/2020;Sri Lanka;0;;1;;21670000
01/03/2020;Sri Lanka;0;;1;;21670000
02/03/2020;Sri Lanka;0;;1;;21670000
03/03/2020;Sri Lanka;0;;1;;21670000
04/03/2020;Sri Lanka;0;;1;;21670000
05/03/2020;Sri Lanka;0;;1;;21670000
06/03/2020;Sri Lanka;0;;1;;21670000
07/03/2020;Sri Lanka;0;;1;;21670000
08/03/2020;Sri Lanka;0;;1;;21670000
09/03/2020;Sri Lanka;0;;1;;21670000
10/03/2020;Sri Lanka;0;;1;;21670000
11/03/2020;Sri Lanka;0;;1;;21670000
12/03/2020;Sri Lanka;1;;2;;21670000
13/03/2020;Sri Lanka;1;;3;;21670000
14/03/2020;Sri Lanka;3;;6;;21670000
14/03/2020;Sudan;;;1;;41801533
01/02/2020;Sweden;;;1;;10183175
02/02/2020;Sweden;0;;1;;10183175
03/02/2020;Sweden;0;;1;;10183175
04/02/2020;Sweden;0;;1;;10183175
05/02/2020;Sweden;0;;1;;10183175
06/02/2020;Sweden;0;;1;;10183175
07/02/2020;Sweden;0;;1;;10183175
08/02/2020;Sweden;0;;1;;10183175
09/02/2020;Sweden;0;;1;;10183175
10/02/2020;Sweden;0;;1;;10183175
11/02/2020;Sweden;0;;1;;10183175
12/02/2020;Sweden;0;;1;;10183175
13/02/2020;Sweden;0;;1;;10183175
14/02/2020;Sweden;0;;1;;10183175
15/02/2020;Sweden;0;;1;;10183175
16/02/2020;Sweden;0;;1;;10183175
17/02/2020;Sweden;0;;1;;10183175
18/02/2020;Sweden;0;;1;;10183175
19/02/2020;Sweden;0;;1;;10183175
20/02/2020;Sweden;0;;1;;10183175
21/02/2020;Sweden;0;;1;;10183175
22/02/2020;Sweden;0;;1;;10183175
23/02/2020;Sweden;0;;1;;10183175
24/02/2020;Sweden;0;;1;;10183175
25/02/2020;Sweden;0;;1;;10183175
26/02/2020;Sweden;0;;1;;10183175
27/02/2020;Sweden;1;;2;;10183175
28/02/2020;Sweden;5;;7;;10183175
29/02/2020;Sweden;5;;12;;10183175
01/03/2020;Sweden;1;;13;;10183175
02/03/2020;Sweden;1;;14;;10183175
03/03/2020;Sweden;1;;15;;10183175
04/03/2020;Sweden;9;;24;;10183175
05/03/2020;Sweden;11;;35;;10183175
06/03/2020;Sweden;26;;61;;10183175
07/03/2020;Sweden;76;;137;;10183175
08/03/2020;Sweden;24;;161;;10183175
09/03/2020;Sweden;42;;203;;10183175
10/03/2020;Sweden;45;;248;;10183175
11/03/2020;Sweden;78;;326;;10183175
12/03/2020;Sweden;135;;461;;10183175
13/03/2020;Sweden;159;;620;;10183175
14/03/2020;Sweden;155;;775;;10183175
26/02/2020;Switzerland;;;1;;8516543
27/02/2020;Switzerland;0;;1;;8516543
28/02/2020;Switzerland;5;;6;;8516543
29/02/2020;Switzerland;4;;10;;8516543
01/03/2020;Switzerland;8;;18;;8516543
02/03/2020;Switzerland;6;;24;;8516543
03/03/2020;Switzerland;6;;30;;8516543
04/03/2020;Switzerland;7;;37;;8516543
05/03/2020;Switzerland;19;;56;;8516543
06/03/2020;Switzerland;30;;86;1;8516543
07/03/2020;Switzerland;123;0;209;1;8516543
08/03/2020;Switzerland;55;1;264;2;8516543
09/03/2020;Switzerland;68;0;332;2;8516543
10/03/2020;Switzerland;0;0;332;2;8516543
11/03/2020;Switzerland;159;1;491;3;8516543
12/03/2020;Switzerland;154;1;645;4;8516543
13/03/2020;Switzerland;213;2;858;6;8516543
14/03/2020;Switzerland;267;0;1125;6;8516543
21/01/2020;Thailand;;;2;;69428524
22/01/2020;Thailand;0;;2;;69428524
23/01/2020;Thailand;2;;4;;69428524
24/01/2020;Thailand;0;;4;;69428524
25/01/2020;Thailand;0;;4;;69428524
26/01/2020;Thailand;1;;5;;69428524
27/01/2020;Thailand;0;;5;;69428524
28/01/2020;Thailand;9;;14;;69428524
29/01/2020;Thailand;0;;14;;69428524
30/01/2020;Thailand;0;;14;;69428524
31/01/2020;Thailand;0;;14;;69428524
01/02/2020;Thailand;5;;19;;69428524
02/02/2020;Thailand;0;;19;;69428524
03/02/2020;Thailand;0;;19;;69428524
04/02/2020;Thailand;0;;19;;69428524
05/02/2020;Thailand;6;;25;;69428524
06/02/2020;Thailand;0;;25;;69428524
07/02/2020;Thailand;0;;25;;69428524
08/02/2020;Thailand;7;;32;;69428524
09/02/2020;Thailand;0;;32;;69428524
10/02/2020;Thailand;0;;32;;69428524
11/02/2020;Thailand;1;;33;;69428524
12/02/2020;Thailand;0;;33;;69428524
13/02/2020;Thailand;0;;33;;69428524
14/02/2020;Thailand;0;;33;;69428524
15/02/2020;Thailand;1;;34;;69428524
16/02/2020;Thailand;0;;34;;69428524
17/02/2020;Thailand;1;;35;;69428524
18/02/2020;Thailand;0;;35;;69428524
19/02/2020;Thailand;0;;35;;69428524
20/02/2020;Thailand;0;;35;;69428524
21/02/2020;Thailand;0;;35;;69428524
22/02/2020;Thailand;0;;35;;69428524
23/02/2020;Thailand;0;;35;;69428524
24/02/2020;Thailand;0;;35;;69428524
25/02/2020;Thailand;2;;37;;69428524
26/02/2020;Thailand;3;;40;;69428524
27/02/2020;Thailand;0;;40;;69428524
28/02/2020;Thailand;0;;40;;69428524
29/02/2020;Thailand;2;;42;;69428524
01/03/2020;Thailand;0;;42;;69428524
02/03/2020;Thailand;0;;42;1;69428524
03/03/2020;Thailand;1;0;43;1;69428524
04/03/2020;Thailand;0;0;43;1;69428524
05/03/2020;Thailand;4;0;47;1;69428524
06/03/2020;Thailand;0;0;47;1;69428524
07/03/2020;Thailand;1;0;48;1;69428524
08/03/2020;Thailand;2;0;50;1;69428524
09/03/2020;Thailand;0;0;50;1;69428524
10/03/2020;Thailand;3;0;53;1;69428524
11/03/2020;Thailand;6;0;59;1;69428524
12/03/2020;Thailand;11;0;70;1;69428524
13/03/2020;Thailand;5;0;75;1;69428524
14/03/2020;Thailand;0;0;75;1;69428524
01/02/2020;United Kingdom;;;2;;66488991
02/02/2020;United Kingdom;0;;2;;66488991
03/02/2020;United Kingdom;0;;2;;66488991
04/02/2020;United Kingdom;0;;2;;66488991
05/02/2020;United Kingdom;0;;2;;66488991
06/02/2020;United Kingdom;0;;2;;66488991
07/02/2020;United Kingdom;1;;3;;66488991
08/02/2020;United Kingdom;0;;3;;66488991
09/02/2020;United Kingdom;0;;3;;66488991
10/02/2020;United Kingdom;1;;4;;66488991
11/02/2020;United Kingdom;4;;8;;66488991
12/02/2020;United Kingdom;0;;8;;66488991
13/02/2020;United Kingdom;1;;9;;66488991
14/02/2020;United Kingdom;0;;9;;66488991
15/02/2020;United Kingdom;0;;9;;66488991
16/02/2020;United Kingdom;0;;9;;66488991
17/02/2020;United Kingdom;0;;9;;66488991
18/02/2020;United Kingdom;0;;9;;66488991
19/02/2020;United Kingdom;0;;9;;66488991
20/02/2020;United Kingdom;0;;9;;66488991
21/02/2020;United Kingdom;0;;9;;66488991
22/02/2020;United Kingdom;0;;9;;66488991
23/02/2020;United Kingdom;0;;9;;66488991
24/02/2020;United Kingdom;0;;9;;66488991
25/02/2020;United Kingdom;4;;13;;66488991
26/02/2020;United Kingdom;0;;13;;66488991
27/02/2020;United Kingdom;0;;13;;66488991
28/02/2020;United Kingdom;3;;16;;66488991
29/02/2020;United Kingdom;4;;20;;66488991
01/03/2020;United Kingdom;3;;23;;66488991
02/03/2020;United Kingdom;13;;36;;66488991
03/03/2020;United Kingdom;3;;39;;66488991
04/03/2020;United Kingdom;12;;51;;66488991
05/03/2020;United Kingdom;38;;89;;66488991
06/03/2020;United Kingdom;29;;118;;66488991
07/03/2020;United Kingdom;49;;167;1;66488991
08/03/2020;United Kingdom;43;1;210;2;66488991
09/03/2020;United Kingdom;67;0;277;2;66488991
10/03/2020;United Kingdom;46;1;323;3;66488991
11/03/2020;United Kingdom;50;3;373;6;66488991
12/03/2020;United Kingdom;87;0;460;6;66488991
13/03/2020;United Kingdom;134;2;594;8;66488991
14/03/2020;United Kingdom;208;2;802;10;66488991
07/03/2020;Togo;;;1;;7889094
08/03/2020;Togo;0;;1;;7889094
09/03/2020;Togo;0;;1;;7889094
10/03/2020;Togo;0;;1;;7889094
11/03/2020;Togo;0;;1;;7889094
12/03/2020;Togo;0;;1;;7889094
13/03/2020;Togo;0;;1;;7889094
14/03/2020;Togo;0;;1;;7889094
14/03/2020;Trinidad and Tobago;;;1;;1389858
03/03/2020;Tunisia;;;1;;11565204
04/03/2020;Tunisia;0;;1;;11565204
05/03/2020;Tunisia;0;;1;;11565204
06/03/2020;Tunisia;0;;1;;11565204
07/03/2020;Tunisia;0;;1;;11565204
08/03/2020;Tunisia;0;;1;;11565204
09/03/2020;Tunisia;1;;2;;11565204
10/03/2020;Tunisia;0;;2;;11565204
11/03/2020;Tunisia;4;;6;;11565204
12/03/2020;Tunisia;0;;6;;11565204
13/03/2020;Tunisia;1;;7;;11565204
14/03/2020;Tunisia;9;;16;;11565204
12/03/2020;Turkey;;;1;;82319724
13/03/2020;Turkey;0;;1;;82319724
14/03/2020;Turkey;4;;5;;82319724
04/03/2020;Ukraine;;;1;;44622516
05/03/2020;Ukraine;0;;1;;44622516
06/03/2020;Ukraine;0;;1;;44622516
07/03/2020;Ukraine;0;;1;;44622516
08/03/2020;Ukraine;0;;1;;44622516
09/03/2020;Ukraine;0;;1;;44622516
10/03/2020;Ukraine;0;;1;;44622516
11/03/2020;Ukraine;0;;1;;44622516
12/03/2020;Ukraine;0;;1;;44622516
13/03/2020;Ukraine;2;;3;;44622516
14/03/2020;Ukraine;0;;3;1;44622516
29/01/2020;United Arab Emirates;;;4;;9630959
30/01/2020;United Arab Emirates;0;;4;;9630959
31/01/2020;United Arab Emirates;0;;4;;9630959
01/02/2020;United Arab Emirates;0;;4;;9630959
02/02/2020;United Arab Emirates;1;;5;;9630959
03/02/2020;United Arab Emirates;0;;5;;9630959
04/02/2020;United Arab Emirates;0;;5;;9630959
05/02/2020;United Arab Emirates;0;;5;;9630959
06/02/2020;United Arab Emirates;0;;5;;9630959
07/02/2020;United Arab Emirates;0;;5;;9630959
08/02/2020;United Arab Emirates;2;;7;;9630959
09/02/2020;United Arab Emirates;0;;7;;9630959
10/02/2020;United Arab Emirates;0;;7;;9630959
11/02/2020;United Arab Emirates;1;;8;;9630959
12/02/2020;United Arab Emirates;0;;8;;9630959
13/02/2020;United Arab Emirates;0;;8;;9630959
14/02/2020;United Arab Emirates;0;;8;;9630959
15/02/2020;United Arab Emirates;0;;8;;9630959
16/02/2020;United Arab Emirates;0;;8;;9630959
17/02/2020;United Arab Emirates;1;;9;;9630959
18/02/2020;United Arab Emirates;0;;9;;9630959
19/02/2020;United Arab Emirates;0;;9;;9630959
20/02/2020;United Arab Emirates;0;;9;;9630959
21/02/2020;United Arab Emirates;0;;9;;9630959
22/02/2020;United Arab Emirates;2;;11;;9630959
23/02/2020;United Arab Emirates;2;;13;;9630959
24/02/2020;United Arab Emirates;0;;13;;9630959
25/02/2020;United Arab Emirates;0;;13;;9630959
26/02/2020;United Arab Emirates;0;;13;;9630959
27/02/2020;United Arab Emirates;0;;13;;9630959
28/02/2020;United Arab Emirates;6;;19;;9630959
29/02/2020;United Arab Emirates;0;;19;;9630959
01/03/2020;United Arab Emirates;0;;19;;9630959
02/03/2020;United Arab Emirates;2;;21;;9630959
03/03/2020;United Arab Emirates;0;;21;;9630959
04/03/2020;United Arab Emirates;6;;27;;9630959
05/03/2020;United Arab Emirates;0;;27;;9630959
06/03/2020;United Arab Emirates;0;;27;;9630959
07/03/2020;United Arab Emirates;18;;45;;9630959
08/03/2020;United Arab Emirates;0;;45;;9630959
09/03/2020;United Arab Emirates;0;;45;;9630959
10/03/2020;United Arab Emirates;14;;59;;9630959
11/03/2020;United Arab Emirates;15;;74;;9630959
12/03/2020;United Arab Emirates;0;;74;;9630959
13/03/2020;United Arab Emirates;11;;85;;9630959
14/03/2020;United Arab Emirates;0;;85;;9630959
23/01/2020;United States;;;1;;327167434
24/01/2020;United States;0;;1;;327167434
25/01/2020;United States;1;;2;;327167434
26/01/2020;United States;0;;2;;327167434
27/01/2020;United States;3;;5;;327167434
28/01/2020;United States;0;;5;;327167434
29/01/2020;United States;0;;5;;327167434
30/01/2020;United States;0;;5;;327167434
31/01/2020;United States;1;;6;;327167434
01/02/2020;United States;1;;7;;327167434
02/02/2020;United States;1;;8;;327167434
03/02/2020;United States;3;;11;;327167434
04/02/2020;United States;0;;11;;327167434
05/02/2020;United States;0;;11;;327167434
06/02/2020;United States;1;;12;;327167434
07/02/2020;United States;0;;12;;327167434
08/02/2020;United States;0;;12;;327167434
09/02/2020;United States;0;;12;;327167434
10/02/2020;United States;0;;12;;327167434
11/02/2020;United States;1;;13;;327167434
12/02/2020;United States;0;;13;;327167434
13/02/2020;United States;1;;14;;327167434
14/02/2020;United States;1;;15;;327167434
15/02/2020;United States;0;;15;;327167434
16/02/2020;United States;0;;15;;327167434
17/02/2020;United States;0;;15;;327167434
18/02/2020;United States;0;;15;;327167434
19/02/2020;United States;0;;15;;327167434
20/02/2020;United States;0;;15;;327167434
21/02/2020;United States;0;;15;;327167434
22/02/2020;United States;20;;35;;327167434
23/02/2020;United States;0;;35;;327167434
24/02/2020;United States;0;;35;;327167434
25/02/2020;United States;18;;53;;327167434
26/02/2020;United States;0;;53;;327167434
27/02/2020;United States;6;;59;;327167434
28/02/2020;United States;0;;59;;327167434
29/02/2020;United States;3;;62;;327167434
01/03/2020;United States;0;;62;;327167434
02/03/2020;United States;0;;62;;327167434
03/03/2020;United States;2;;64;2;327167434
04/03/2020;United States;44;4;108;6;327167434
05/03/2020;United States;21;3;129;9;327167434
06/03/2020;United States;19;1;148;10;327167434
07/03/2020;United States;65;1;213;11;327167434
08/03/2020;United States;0;0;213;11;327167434
09/03/2020;United States;0;0;213;11;327167434
10/03/2020;United States;259;8;472;19;327167434
11/03/2020;United States;224;6;696;25;327167434
12/03/2020;United States;291;4;987;29;327167434
13/03/2020;United States;277;7;1264;36;327167434
14/03/2020;United States;414;5;1678;41;327167434
14/03/2020;Venezuela;;;2;;29390409
24/01/2020;Vietnam;;;2;;95540395
25/01/2020;Vietnam;0;;2;;95540395
26/01/2020;Vietnam;0;;2;;95540395
27/01/2020;Vietnam;0;;2;;95540395
28/01/2020;Vietnam;0;;2;;95540395
29/01/2020;Vietnam;0;;2;;95540395
30/01/2020;Vietnam;0;;2;;95540395
31/01/2020;Vietnam;3;;5;;95540395
01/02/2020;Vietnam;1;;6;;95540395
02/02/2020;Vietnam;1;;7;;95540395
03/02/2020;Vietnam;1;;8;;95540395
04/02/2020;Vietnam;1;;9;;95540395
05/02/2020;Vietnam;1;;10;;95540395
06/02/2020;Vietnam;0;;10;;95540395
07/02/2020;Vietnam;2;;12;;95540395
08/02/2020;Vietnam;1;;13;;95540395
09/02/2020;Vietnam;1;;14;;95540395
10/02/2020;Vietnam;0;;14;;95540395
11/02/2020;Vietnam;1;;15;;95540395
12/02/2020;Vietnam;0;;15;;95540395
13/02/2020;Vietnam;1;;16;;95540395
14/02/2020;Vietnam;0;;16;;95540395
15/02/2020;Vietnam;0;;16;;95540395
16/02/2020;Vietnam;0;;16;;95540395
17/02/2020;Vietnam;0;;16;;95540395
18/02/2020;Vietnam;0;;16;;95540395
19/02/2020;Vietnam;0;;16;;95540395
20/02/2020;Vietnam;0;;16;;95540395
21/02/2020;Vietnam;0;;16;;95540395
22/02/2020;Vietnam;0;;16;;95540395
23/02/2020;Vietnam;0;;16;;95540395
24/02/2020;Vietnam;0;;16;;95540395
25/02/2020;Vietnam;0;;16;;95540395
26/02/2020;Vietnam;0;;16;;95540395
27/02/2020;Vietnam;0;;16;;95540395
28/02/2020;Vietnam;0;;16;;95540395
29/02/2020;Vietnam;0;;16;;95540395
01/03/2020;Vietnam;0;;16;;95540395
02/03/2020;Vietnam;0;;16;;95540395
03/03/2020;Vietnam;0;;16;;95540395
04/03/2020;Vietnam;0;;16;;95540395
05/03/2020;Vietnam;0;;16;;95540395
06/03/2020;Vietnam;0;;16;;95540395
07/03/2020;Vietnam;1;;17;;95540395
08/03/2020;Vietnam;4;;21;;95540395
09/03/2020;Vietnam;9;;30;;95540395
10/03/2020;Vietnam;1;;31;;95540395
11/03/2020;Vietnam;4;;35;;95540395
12/03/2020;Vietnam;4;;39;;95540395
13/03/2020;Vietnam;0;;39;;95540395
14/03/2020;Vietnam;9;;48;;95540395
21/01/2020;World;0;0;282;6;7594270356
22/01/2020;World;32;0;314;6;7594270356
23/01/2020;World;266;11;581;17;7594270356
24/01/2020;World;262;8;846;25;7594270356
25/01/2020;World;467;16;1320;41;7594270356
26/01/2020;World;691;15;2014;56;7594270356
27/01/2020;World;783;24;2798;80;7594270356
28/01/2020;World;1792;26;4593;106;7594270356
29/01/2020;World;1468;26;6065;132;7594270356
30/01/2020;World;1750;38;7818;170;7594270356
31/01/2020;World;2006;43;9826;213;7594270356
01/02/2020;World;2121;46;11953;259;7594270356
02/02/2020;World;2604;45;14557;305;7594270356
03/02/2020;World;2834;57;17391;362;7594270356
04/02/2020;World;3239;64;20630;426;7594270356
05/02/2020;World;3913;66;24544;492;7594270356
06/02/2020;World;3712;73;28276;565;7594270356
07/02/2020;World;3205;73;31481;638;7594270356
08/02/2020;World;3405;86;34886;724;7594270356
09/02/2020;World;2672;89;37558;813;7594270356
10/02/2020;World;2996;97;40554;910;7594270356
11/02/2020;World;2549;108;43103;1018;7594270356
12/02/2020;World;2068;97;45171;1115;7594270356
13/02/2020;World;1826;254;46997;1369;7594270356
14/02/2020;World;2056;13;49053;1383;7594270356
15/02/2020;World;1526;143;50580;1526;7594270356
16/02/2020;World;1277;142;51857;1669;7594270356
17/02/2020;World;19572;106;71429;1775;7594270356
18/02/2020;World;1903;98;73332;1873;7594270356
19/02/2020;World;1872;136;75204;2009;7594270356
20/02/2020;World;542;115;75748;2129;7594270356
21/02/2020;World;1021;118;76769;2247;7594270356
22/02/2020;World;1023;112;77794;2359;7594270356
23/02/2020;World;1017;102;78811;2463;7594270356
24/02/2020;World;517;155;79331;2618;7594270356
25/02/2020;World;896;82;80239;2700;7594270356
26/02/2020;World;864;62;81109;2762;7594270356
27/02/2020;World;1175;42;82294;2804;7594270356
28/02/2020;World;1353;54;83652;2858;7594270356
29/02/2020;World;1748;66;85403;2924;7594270356
01/03/2020;World;1727;53;87137;2977;7594270356
02/03/2020;World;1801;64;88948;3043;7594270356
03/03/2020;World;1912;67;90869;3112;7594270356
04/03/2020;World;2217;86;93090;3198;7594270356
05/03/2020;World;2220;79;95324;3280;7594270356
06/03/2020;World;2864;99;98192;3380;7594270356
07/03/2020;World;3730;104;101927;3486;7594270356
08/03/2020;World;3644;96;105592;3584;7594270356
09/03/2020;World;3979;224;109577;3809;7594270356
10/03/2020;World;4119;201;113702;4012;7594270356
11/03/2020;World;4611;275;118319;4292;7594270356
12/03/2020;World;6936;317;125260;4613;7594270356
13/03/2020;World;7488;338;132758;4956;7594270356
14/03/2020;World;9766;434;142539;5393;7594270356
